"","ArrivalDate","MODALPRICE","arrivalquantity","T","RA"
"1",2012-12-10,6050,0.1,19.7,"0"
"2",2012-12-19,6050,0.1,18.2,"1"
"3",2012-12-20,6050,0.1,16.6,"1"
"4",2012-12-26,5900,0.1,15.6,"0"
"5",2012-12-29,5900,0.1,15.3,"0"
"6",2013-01-07,5900,0.1,16.7,"1"
"7",2013-01-11,5900,0.1,13.2,"0"
"8",2013-02-02,5900,0.1,18.7,"0"
"9",2013-02-07,5900,0.1,19.6,"0"
"10",2013-02-08,5900,0.1,20,"1"
"11",2013-02-11,5900,0.1,20.3,"0"
"12",2013-02-14,5900,0.1,20.7,"0"
"13",2013-02-15,5900,0.1,21,"0"
"14",2013-02-19,5900,0.1,19.8,"0"
"15",2013-02-28,5950,0.1,23.3,"0"
"16",2013-03-05,6450,0.1,25.4,"0"
"17",2013-03-06,6450,0.1,24.2,"0"
"18",2013-03-13,6032,0.1,24.3,"0"
"19",2013-03-16,6000,0.1,23.8,"1"
"20",2013-03-20,6000,0.1,22.3,"0"
"21",2013-03-25,6000,0.1,21.2,"1"
"22",2013-03-26,6000,0.1,21.4,"1"
"23",2013-03-30,6000,0.1,18.8,"1"
"24",2013-04-03,6150,20.9,20.7,"1"
"25",2013-04-04,6150,0.1,19.6,"1"
"26",2013-04-10,6250,0.1,21.3,"1"
"27",2013-04-11,6250,0.1,20.7,"1"
"28",2013-04-12,6250,0.1,22.5,"1"
"29",2013-04-17,6350,0.1,22.4,"1"
"30",2013-04-18,6350,0.1,23.3,"1"
"31",2013-04-19,6850,0.1,20.6,"1"
"32",2013-04-25,6350,0.1,28.1,"0"
"33",2013-04-26,6350,0.1,28.3,"0"
"34",2013-05-09,6350,0.1,25.8,"0"
"35",2013-05-14,6350,0.1,22.5,"1"
"36",2013-05-15,6600,0.1,25.1,"1"
"37",2013-05-16,6600,0.1,25.2,"1"
"38",2013-05-17,6600,0.1,25.1,"1"
"39",2013-05-18,6600,0.1,22.6,"1"
"40",2013-05-20,6600,0.1,27.3,"0"
"41",2013-05-21,6600,0.1,29.1,"0"
"42",2013-05-22,6600,0.1,28.7,"1"
"43",2013-05-23,6600,0.1,27.2,"1"
"44",2013-05-27,6600,0.1,29.5,"1"
"45",2013-05-30,6600,0.1,29.4,"1"
"46",2013-05-31,6600,0.1,27.1,"1"
"47",2013-06-03,6600,0.1,29.8,"1"
"48",2013-06-05,6600,0.1,30.2,"0"
"49",2013-06-06,6600,0.1,28.8,"1"
"50",2013-06-10,6600,0.1,30.3,"1"
"51",2013-06-12,6600,0.1,32,"0"
"52",2013-06-13,6600,0.1,31.3,"0"
"53",2013-06-17,6600,0.1,28.7,"1"
"54",2013-06-18,6600,0.1,26.2,"1"
"55",2013-06-20,6600,0.1,29.9,"0"
"56",2013-06-21,6600,0.1,29.8,"0"
"57",2013-06-24,6600,0.1,30,"1"
"58",2013-06-26,6600,0.1,26.7,"1"
"59",2013-06-27,6600,0.1,25.4,"1"
"60",2013-06-28,6600,0.1,27,"1"
"61",2013-07-01,6600,0.1,27.3,"1"
"62",2013-07-02,6600,0.1,26.9,"1"
"63",2013-07-09,6650,0.1,26.2,"1"
"64",2013-07-20,6650,0.1,27.8,"1"
"65",2013-07-22,6650,0.1,30.1,"0"
"66",2013-07-23,6650,0.1,28.3,"1"
"67",2013-07-25,6700,0.1,28.6,"1"
"68",2013-07-29,6650,0.1,31.5,"0"
"69",2013-07-30,6650,0.1,32.3,"1"
"70",2013-08-01,6650,0.1,29.3,"0"
"71",2013-08-03,6650,0.1,31,"1"
"72",2013-08-05,6600,0.1,25,"1"
"73",2013-08-19,6600,0.1,31.6,"0"
"74",2013-08-21,6600,0.1,31,"0"
"75",2013-08-29,6600,0.1,26.7,"1"
"76",2013-08-30,6600,0.1,27.1,"1"
"77",2013-08-31,6600,0.1,27.9,"1"
"78",2013-09-02,6600,0.1,26.7,"1"
"79",2013-09-04,6600,0.1,26.4,"1"
"80",2013-09-06,6600,0.1,27.7,"0"
"81",2013-09-09,6600,0.1,28.3,"0"
"82",2013-10-01,6650,0.1,27.9,"1"
"83",2013-11-01,6850,0.1,21.7,"0"
"84",2013-11-07,6500,0.1,21.8,"0"
"85",2013-11-11,6550,0.1,19.3,"0"
"86",2013-11-25,6550,0.1,19.4,"0"
"87",2013-12-07,6600,0.1,18.8,"0"
"88",2014-01-10,6550,0.1,15.6,"0"
"89",2014-01-27,6400,0.1,18.8,"0"
"90",2014-02-01,6400,0.1,18.1,"0"
"91",2014-02-05,6400,0.1,17.8,"0"
"92",2014-05-07,6700,0.1,21.2,"1"
"93",2014-07-16,6300,0,28.9,"1"
"94",2014-07-18,6300,0,29.2,"1"
"95",2014-07-19,6300,0,29.1,"0"
"96",2014-07-21,6350,0,29.5,"1"
"97",2014-07-24,6650,0,30.3,"0"
"98",2014-07-28,6650,0,28.7,"1"
"99",2014-07-30,6650,0.1,30.2,"0"
"100",2014-07-31,6650,0,31,"1"
"101",2014-08-04,6650,0,30.5,"1"
"102",2014-08-11,6600,0,27.7,"1"
"103",2014-08-12,6600,0,26,"1"
"104",2014-08-14,6600,0,24.1,"1"
"105",2014-08-16,6600,0,26.8,"1"
"106",2014-08-19,6600,0,28,"1"
"107",2014-08-20,6600,0,29.4,"0"
"108",2014-08-26,6900,0,25.7,"0"
"109",2014-09-02,6900,0,29.2,"1"
"110",2014-09-03,6900,0,30.9,"0"
"111",2014-09-04,2500,0,31.2,"0"
"112",2014-09-05,6900,0,30.2,"0"
"113",2014-09-06,6900,0,30.1,"0"
"114",2014-09-09,6900,0,27.2,"1"
"115",2014-09-10,6900,0,27.2,"1"
"116",2014-09-11,6900,0,28.1,"1"
"117",2014-09-15,6900,0,29.2,"1"
"118",2014-09-16,6900,0,28.9,"1"
"119",2014-09-17,6900,0,30.6,"0"
"120",2014-09-19,6900,0,27.2,"1"
"121",2014-09-20,6900,0,25.8,"1"
"122",2014-09-22,6900,0,25.4,"1"
"123",2014-09-23,6900,0,23.6,"1"
"124",2014-09-24,6900,0,26.2,"0"
"125",2014-09-26,6900,0,25.3,"1"
"126",2014-09-29,6900,0,27.7,"0"
"127",2014-09-30,6900,0,28.7,"0"
"128",2014-10-08,6900,0,29.7,"0"
"129",2014-10-09,6900,0,29.4,"0"
"130",2014-10-10,6900,0,28.8,"0"
"131",2014-10-14,6900,0,30,"0"
"132",2014-10-15,6900,0,26.7,"1"
"133",2014-10-16,6900,0,27,"1"
"134",2014-10-17,6900,0,27.3,"0"
"135",2014-10-21,6900,0,26.2,"0"
"136",2014-10-27,6900,0,23.5,"0"
"137",2014-10-30,6900,0,24.6,"0"
"138",2014-11-10,7050,0,24.2,"0"
"139",2014-11-11,7050,0,25.6,"0"
"140",2014-11-12,7050,0,22.8,"1"
"141",2014-11-13,7050,0,22.4,"1"
"142",2014-11-21,7050,0,24.7,"0"
"143",2014-11-25,7050,0,19.8,"0"
"144",2014-11-26,7050,0,19.4,"0"
"145",2014-11-27,7100,0,20.6,"0"
"146",2014-11-28,7100,0,18,"0"
"147",2014-12-01,7100,0,19.7,"0"
"148",2014-12-03,7100,0,21.6,"0"
"149",2014-12-04,7400,0,23.3,"1"
"150",2014-12-05,7100,0,21.2,"0"
"151",2014-12-08,7300,0,22.2,"0"
"152",2014-12-12,7300,0,20.9,"1"
"153",2014-12-16,7300,0,19,"0"
"154",2014-12-22,7300,0,16.4,"0"
"155",2014-12-23,7300,0,17.7,"0"
"156",2014-12-30,7300,0,18.4,"0"
"157",2014-12-31,7300,0,NA,"0"
"158",2015-01-02,7300,0,19.2,"0"
"159",2015-01-03,7350,0,19.3,"0"
"160",2015-01-07,7350,0,18.2,"0"
"161",2015-01-08,7350,0,18.7,"0"
"162",2015-01-09,7350,0,18.7,"0"
"163",2015-01-13,7350,0,17.1,"0"
"164",2015-01-19,7350,0,18.1,"0"
"165",2015-01-20,7700,0,18.2,"0"
"166",2015-01-22,7700,0,18.1,"0"
"167",2015-01-28,7700,0,19.9,"0"
"168",2015-05-08,9300,0,25.8,"1"
"169",2015-05-11,9300,0,29.1,"0"
"170",2015-05-12,9300,0,25.8,"1"
"171",2015-05-14,9300,0,25.4,"1"
"172",2015-05-19,9300,0,28.8,"0"
"173",2015-05-20,9300,0,30.9,"0"
"174",2015-05-21,9300,0,28.1,"1"
"175",2015-05-22,9300,0,25.8,"1"
"176",2015-05-26,9905,0,25,"1"
"177",2015-05-27,9905,0,23.2,"1"
"178",2015-05-28,9905,0,22.8,"1"
"179",2015-05-29,9905,0,24.5,"1"
"180",2015-05-30,9905,0,28.1,"0"
"181",2015-07-30,9950,0,31.3,"0"
"182",2015-07-31,9950,0,29.5,"1"
"183",2015-08-01,9950,0,29.7,"1"
"184",2015-08-03,9950,0,28.7,"1"
"185",2015-08-04,9950,0,26.6,"1"
"186",2015-08-07,9950,0,27.7,"1"
"187",2015-08-11,9950,0,30.8,"1"
"188",2015-08-12,10340,0,29.4,"1"
"189",2015-08-14,10340,0,28.2,"1"
"190",2015-08-17,10340,0,27.9,"1"
"191",2015-08-18,10340,0,27.3,"1"
"192",2015-08-21,10340,0,26.1,"1"
"193",2015-08-25,10340,0,28.3,"1"
"194",2015-08-28,10340,0,26.4,"1"
"195",2015-08-29,10340,0,24.3,"1"
"196",2015-09-02,10340,0,26.8,"1"
"197",2015-09-07,10340,0,27.7,"0"
"198",2015-09-08,10340,0,28.5,"1"
"199",2015-09-09,10340,0,30.1,"0"
"200",2015-09-11,10340,0,27.8,"1"
"201",2015-09-14,13600,0,28.2,"1"
"202",2015-09-16,13600,0,28.9,"0"
"203",2015-09-22,13600,0,25.9,"1"
"204",2015-09-28,13600,0,29.1,"0"
"205",2015-09-29,13600,0,29.5,"0"
"206",2015-10-01,13600,0,29.6,"0"
"207",2015-10-03,13600,0,27.4,"1"
"208",2015-10-06,13600,0,28.8,"0"
"209",2015-10-07,13600,0,29.8,"0"
"210",2015-10-08,13600,0,26.7,"1"
"211",2015-10-09,10300,0,27,"0"
"212",2015-10-13,13600,0,27.1,"0"
"213",2015-10-14,13600,0,26.4,"0"
"214",2015-10-17,10300,0,27.5,"0"
"215",2015-10-19,10300,0,27.2,"0"
"216",2015-10-28,10300,0,24.9,"0"
"217",2015-10-29,10300,0,24.3,"0"
"218",2015-11-03,19500,0,25.2,"0"
"219",2015-11-04,19500,0,20.3,"1"
"220",2015-11-06,19500,0,21.3,"0"
"221",2015-11-09,19500,0,22,"0"
"222",2015-11-12,19500,0,21.1,"0"
"223",2015-11-18,19250,0,20.3,"0"
"224",2015-11-20,19250,0,21.1,"0"
"225",2015-11-21,19250,0,21.2,"0"
"226",2015-12-03,17400,0,19.8,"1"
"227",2015-12-09,17400,0,21.2,"0"
"228",2015-12-10,17400,1,20.7,"0"
"229",2015-12-11,17400,4,19.6,"1"
"230",2015-12-12,17400,3,17.6,"1"
"231",2015-12-14,17400,2,18.7,"1"
"232",2015-12-15,17400,3.6,17.9,"1"
"233",2015-12-16,17400,5,16.6,"0"
"234",2015-12-17,17400,3.1,17.8,"0"
"235",2015-12-18,17400,65,17.6,"0"
"236",2015-12-19,17400,41,16.7,"1"
"237",2015-12-21,17400,4,18.9,"0"
"238",2015-12-22,17400,27,17.1,"0"
"239",2015-12-23,17400,5,17.8,"0"
"240",2015-12-24,17400,85,18.1,"0"
"241",2015-12-25,17400,67,18.8,"0"
"242",2015-12-26,17400,4,17.9,"0"
"243",2015-12-28,17400,63,19.2,"0"
"244",2015-12-29,17400,42,19.6,"0"
"245",2015-12-30,17400,5.5,20.7,"0"
"246",2015-12-31,17400,7.6,NA,"0"
"247",2016-01-01,17400,4.9,NA,NA
"248",2016-01-02,17400,6,NA,NA
"249",2016-01-03,17400,3,NA,NA
"250",2016-01-04,17400,5,NA,NA
"251",2016-01-05,17400,76,NA,NA
"252",2016-01-06,17400,65,NA,NA
"253",2016-01-07,17400,42,NA,NA
"254",2016-01-08,17400,5.2,NA,NA
"255",2016-01-09,17400,32,NA,NA
"256",2016-01-10,17400,7,NA,NA
"257",2016-01-11,17400,65,NA,NA
"258",2016-01-12,17400,7.9,NA,NA
"259",2016-01-13,17400,3.1,NA,NA
"260",2016-01-14,17400,2,NA,NA
"261",2016-01-15,17400,45,NA,NA
"262",2016-01-16,17400,7,NA,NA
"263",2016-01-17,17400,5.5,NA,NA
"264",2016-01-18,17400,3,NA,NA
"265",2016-01-20,17400,8,NA,NA
"266",2016-01-21,17400,4.5,NA,NA
"267",2016-01-22,17400,5.9,NA,NA
"268",2016-01-23,17400,9,NA,NA
"269",2016-01-24,17400,3.9,NA,NA
"270",2016-01-25,17400,5.6,NA,NA
"271",2016-01-26,17400,3,NA,NA
"272",2016-01-27,17400,5.5,NA,NA
"273",2016-01-28,17400,3.9,NA,NA
"274",2016-01-29,17400,1.5,NA,NA
"275",2016-01-30,17400,2.8,NA,NA
"276",2016-05-03,13400,0.7,NA,NA
"277",2016-05-04,13400,1.6,NA,NA
"278",2016-05-05,13400,0.9,NA,NA
"279",2016-05-06,13400,2.1,NA,NA
"280",2016-05-07,13400,1.1,NA,NA
"281",2016-05-09,13400,2,NA,NA
"282",2016-05-10,13400,0.8,NA,NA
"283",2016-05-11,13400,1.3,NA,NA
"284",2016-05-12,13400,2.6,NA,NA
"285",2016-05-13,13400,1,NA,NA
"286",2016-05-14,13400,2.1,NA,NA
"287",2016-05-16,13400,1.1,NA,NA
"288",2016-05-17,13400,0.6,NA,NA
"289",2016-05-18,13400,1.3,NA,NA
"290",2016-05-19,13400,0.8,NA,NA
"291",2016-05-20,13400,1.9,NA,NA
"292",2016-05-21,13400,1,NA,NA
"293",2016-05-23,13400,1.3,NA,NA
"294",2016-05-24,13400,0.6,NA,NA
"295",2016-05-25,13400,1.9,NA,NA
"296",2016-05-26,13400,0.8,NA,NA
"297",2016-05-27,13400,1.2,NA,NA
"298",2016-05-28,13400,2.2,NA,NA
"299",2016-05-30,13400,0.8,NA,NA
"300",2016-05-31,13400,2.1,NA,NA
"301",2016-06-02,13400,1.9,NA,NA
"302",2016-06-03,13400,2.6,NA,NA
"303",2016-06-04,13400,1.3,NA,NA
"304",2016-06-05,13400,1,NA,NA
"305",2016-06-06,13400,1.8,NA,NA
"306",2016-06-07,13400,0.6,NA,NA
"307",2016-06-08,13400,1,NA,NA
"308",2016-06-09,13400,1.6,NA,NA
"309",2016-06-10,13400,0.9,NA,NA
"310",2016-06-11,13400,3,NA,NA
"311",2016-06-13,13400,1.1,NA,NA
"312",2016-06-14,13400,1.8,NA,NA
"313",2016-06-15,13400,0.6,NA,NA
"314",2016-06-16,13400,2.1,NA,NA
"315",2016-06-17,13400,0.9,NA,NA
"316",2016-06-18,13400,0.7,NA,NA
"317",2016-06-20,13400,1.3,NA,NA
"318",2016-06-21,13400,0.8,NA,NA
"319",2016-06-22,13400,1.2,NA,NA
"320",2016-06-23,13400,0.5,NA,NA
"321",2016-06-24,13400,1.7,NA,NA
"322",2016-06-25,13400,0.6,NA,NA
"323",2016-06-27,13400,1.2,NA,NA
"324",2016-06-28,13400,0.7,NA,NA
"325",2016-06-29,13400,2,NA,NA
"326",2016-06-30,13400,1.5,NA,NA
"327",2016-07-01,13400,0.9,NA,NA
"328",2016-07-02,13400,1.9,NA,NA
"329",2016-07-03,13400,0.7,NA,NA
"330",2016-07-04,13400,0.4,NA,NA
"331",2016-07-05,13400,1.1,NA,NA
"332",2016-07-06,13400,0.6,NA,NA
"333",2016-07-07,13400,1.3,NA,NA
"334",2016-07-08,13400,0.8,NA,NA
"335",2016-07-09,13400,0.5,NA,NA
"336",2016-07-11,13400,0.9,NA,NA
"337",2016-07-12,13400,1.6,NA,NA
"338",2016-07-13,13400,1.3,NA,NA
"339",2016-07-14,13400,1.6,NA,NA
"340",2016-07-15,13400,2.8,NA,NA
"341",2016-07-16,13400,1.2,NA,NA
"342",2016-07-18,13400,0.6,NA,NA
"343",2016-07-19,13400,1.8,NA,NA
"344",2016-07-20,13400,3,NA,NA
"345",2016-07-21,13400,1.1,NA,NA
"346",2016-07-22,13400,0.5,NA,NA
"347",2016-07-23,13400,2,NA,NA
"348",2016-07-25,13400,1.6,NA,NA
"349",2016-07-26,13400,0.5,NA,NA
"350",2016-07-27,13400,2,NA,NA
"351",2016-07-28,13400,0.9,NA,NA
"352",2016-07-29,13400,3,NA,NA
"353",2016-07-30,13400,2,NA,NA
"354",2016-08-01,13400,1.4,NA,NA
"355",2016-08-02,13400,0.5,NA,NA
"356",2016-08-03,13400,2,NA,NA
"357",2016-08-04,13400,1.3,NA,NA
"358",2016-08-05,13400,2.1,NA,NA
"359",2016-08-06,13400,1.4,NA,NA
"360",2016-08-08,13400,1.1,NA,NA
"361",2016-08-09,13400,2,NA,NA
"362",2016-08-10,13400,1.3,NA,NA
"363",2016-08-11,13400,2.2,NA,NA
"364",2016-08-12,13400,1.6,NA,NA
"365",2016-08-13,13400,0.8,NA,NA
"366",2016-08-14,13400,1.5,NA,NA
"367",2016-08-16,13400,1.1,NA,NA
"368",2016-08-17,13400,2.2,NA,NA
"369",2016-08-18,13400,0.7,NA,NA
"370",2016-08-19,13400,1.6,NA,NA
"371",2016-08-20,13400,2,NA,NA
"372",2016-08-22,13400,3,NA,NA
"373",2016-08-23,13400,1.3,NA,NA
"374",2016-08-24,13400,0.9,NA,NA
"375",2016-08-25,13400,1.6,NA,NA
"376",2016-08-26,13400,1.1,NA,NA
"377",2016-08-27,13400,1.9,NA,NA
"378",2016-08-29,13400,2,NA,NA
"379",2016-08-30,13400,1.2,NA,NA
"380",2016-08-31,13400,2.5,NA,NA
"381",2016-09-01,13400,1.2,NA,NA
"382",2016-09-02,13400,1.6,NA,NA
"383",2016-09-03,13400,3.1,NA,NA
"384",2016-09-05,13400,1.5,NA,NA
"385",2016-09-06,13400,1.1,NA,NA
"386",2016-09-08,13400,1.2,NA,NA
"387",2016-09-09,13400,1.5,NA,NA
"388",2016-09-10,13400,1,NA,NA
"389",2016-09-12,13400,1.3,NA,NA
"390",2016-09-13,13400,2,NA,NA
"391",2016-09-14,13400,1.1,NA,NA
"392",2016-09-15,13400,0.8,NA,NA
"393",2016-09-16,13400,1.7,NA,NA
"394",2016-09-17,13400,1.1,NA,NA
"395",2016-09-19,13400,1.2,NA,NA
"396",2016-09-20,13400,1,NA,NA
"397",2016-09-21,13400,3,NA,NA
"398",2016-09-22,13400,1.4,NA,NA
"399",2016-09-23,13400,2.1,NA,NA
"400",2016-09-24,13400,1,NA,NA
"401",2016-09-26,13400,3,NA,NA
"402",2016-09-27,13400,1.3,NA,NA
"403",2016-09-28,13400,1.7,NA,NA
"404",2016-09-30,13400,0.8,NA,NA
"405",2016-10-01,13400,1.6,NA,NA
"406",2016-10-03,13400,1.1,NA,NA
"407",2016-10-04,13400,3.4,NA,NA
"408",2016-10-05,13400,1.3,NA,NA
"409",2016-10-06,13400,0.2,NA,NA
"410",2016-10-07,13400,1.1,NA,NA
"411",2016-10-08,13400,1.8,NA,NA
"412",2016-10-11,13400,1.6,NA,NA
"413",2016-10-12,13400,0.9,NA,NA
"414",2016-10-13,13400,1.4,NA,NA
"415",2016-10-14,13400,0.8,NA,NA
"416",2016-10-15,13400,2.5,NA,NA
"417",2016-10-17,13400,1.1,NA,NA
"418",2016-10-18,13400,0.7,NA,NA
"419",2016-10-19,13400,1.9,NA,NA
"420",2016-10-20,13400,1.3,NA,NA
"421",2016-10-21,13400,1.7,NA,NA
"422",2016-10-22,13400,2.1,NA,NA
"423",2016-10-24,13400,2.6,NA,NA
"424",2016-10-25,13400,1,NA,NA
"425",2016-10-26,13400,3,NA,NA
"426",2016-10-27,13400,1.4,NA,NA
"427",2016-10-28,13400,2,NA,NA
"428",2016-10-29,13400,2.5,NA,NA
"429",2016-10-31,11000,3,NA,NA
"430",2016-11-01,11000,1.3,NA,NA
"431",2016-11-02,11000,2,NA,NA
"432",2016-11-03,11000,1.7,NA,NA
"433",2016-11-04,11000,2.1,NA,NA
"434",2016-11-05,11000,1,NA,NA
"435",2016-11-07,11000,2.3,NA,NA
"436",2016-11-08,11000,1.1,NA,NA
"437",2016-11-09,11000,3,NA,NA
"438",2016-11-10,11000,1.3,NA,NA
"439",2016-11-11,11000,1.8,NA,NA
"440",2016-11-12,11000,2.5,NA,NA
"441",2016-11-14,11000,1,NA,NA
"442",2016-11-15,11000,2.8,NA,NA
"443",2016-11-16,11000,1.2,NA,NA
"444",2016-11-17,11000,1.7,NA,NA
"445",2016-11-18,11000,2.1,NA,NA
"446",2016-11-19,11000,1.3,NA,NA
"447",2016-11-21,11000,2,NA,NA
"448",2016-11-22,11000,1.1,NA,NA
"449",2016-11-23,11000,1.4,NA,NA
"450",2016-11-24,11000,2.2,NA,NA
"451",2016-11-25,11000,1,NA,NA
"452",2016-11-26,11000,1.5,NA,NA
"453",2016-11-28,11000,0.9,NA,NA
"454",2016-11-29,11000,1.3,NA,NA
"455",2016-11-30,11000,1.5,NA,NA
"456",2016-12-01,11000,2.1,NA,NA
"457",2016-12-02,11000,1,NA,NA
"458",2016-12-03,11000,1.3,NA,NA
"459",2016-12-05,11000,1.4,NA,NA
"460",2016-12-06,11000,0.8,NA,NA
"461",2016-12-07,11000,1.7,NA,NA
"462",2016-12-08,11000,1.1,NA,NA
"463",2016-12-09,11000,1.9,NA,NA
"464",2016-12-10,11000,0.7,NA,NA
"465",2016-12-12,11000,1.8,NA,NA
"466",2016-12-13,11000,1.3,NA,NA
"467",2016-12-14,11000,0.8,NA,NA
"468",2016-12-15,11000,2.1,NA,NA
"469",2016-12-16,11000,1,NA,NA
"470",2016-12-17,11000,0.6,NA,NA
"471",2016-12-19,11000,2.3,NA,NA
"472",2016-12-20,11000,1.1,NA,NA
"473",2016-12-21,11000,0.7,NA,NA
"474",2016-12-22,11000,1.3,NA,NA
"475",2016-12-23,11000,0.7,NA,NA
"476",2016-12-24,11000,1.6,NA,NA
"477",2016-12-26,11000,1.1,NA,NA
"478",2016-12-27,11000,0.4,NA,NA
"479",2016-12-28,11000,1.5,NA,NA
"480",2016-12-29,11000,0.9,NA,NA
"481",2016-12-30,11000,1.4,NA,NA
"482",2016-12-31,11000,1.1,NA,NA
"483",2017-01-02,11000,2,NA,NA
"484",2017-01-03,11000,1,NA,NA
"485",2017-01-05,11000,1.2,NA,NA
"486",2017-01-06,11000,0.9,NA,NA
"487",2017-01-07,11000,1.8,NA,NA
"488",2017-01-09,11000,1.5,NA,NA
"489",2017-01-10,11000,0.7,NA,NA
"490",2017-01-11,11000,1.3,NA,NA
"491",2017-01-12,11000,0.9,NA,NA
"492",2017-01-13,11000,1.7,NA,NA
"493",2017-01-14,11000,2.1,NA,NA
"494",2017-01-16,11000,1.8,NA,NA
"495",2017-01-17,11000,0.6,NA,NA
"496",2017-01-18,11000,1.3,NA,NA
"497",2017-01-19,11000,2.1,NA,NA
"498",2017-01-20,11000,1,NA,NA
"499",2017-01-21,11000,1.4,NA,NA
"500",2017-01-23,11000,1.1,NA,NA
"501",2017-01-24,11000,0.8,NA,NA
"502",2017-01-25,11000,0.6,NA,NA
"503",2017-01-27,11000,0.9,NA,NA
"504",2017-01-28,11000,1.7,NA,NA
"505",2017-01-29,11000,1,NA,NA
"506",2017-01-30,11000,2.3,NA,NA
"507",2017-01-31,11000,1.2,NA,NA
"508",2017-05-01,11000,2.4,NA,NA
"509",2017-05-02,11000,1.8,NA,NA
"510",2017-05-03,11000,2.3,NA,NA
"511",2017-05-04,11000,2.7,NA,NA
"512",2017-05-05,7300,1,NA,NA
"513",2017-05-06,7300,1.5,NA,NA
"514",2017-05-07,7300,0.6,NA,NA
"515",2017-05-08,7300,1.3,NA,NA
"516",2017-05-09,7300,1.6,NA,NA
"517",2017-05-11,7300,1.2,NA,NA
"518",2017-05-12,7300,0.8,NA,NA
"519",2017-05-13,7300,0.5,NA,NA
"520",2017-05-15,7300,1,NA,NA
"521",2017-05-16,7300,2.1,NA,NA
"522",2017-05-17,7300,0.9,NA,NA
"523",2017-05-18,7300,1.3,NA,NA
"524",2017-05-19,7300,2,NA,NA
"525",2017-05-20,7300,0.7,NA,NA
"526",2017-05-22,7300,1.3,NA,NA
"527",2017-05-23,7300,2,NA,NA
"528",2017-05-24,7300,0.8,NA,NA
"529",2017-05-25,7300,1.8,NA,NA
"530",2017-05-26,7300,5,NA,NA
"531",2017-05-27,7300,0.9,NA,NA
"532",2017-05-29,7300,1.1,NA,NA
"533",2017-05-30,7300,3.1,NA,NA
"534",2017-05-31,7300,0.8,NA,NA
"535",2017-06-01,7300,0.2,NA,NA
"536",2017-06-02,7300,2.6,NA,NA
"537",2017-06-03,7300,0.1,NA,NA
"538",2017-06-05,7300,1.2,NA,NA
"539",2017-06-06,7300,1.3,NA,NA
"540",2017-06-07,7300,1.9,NA,NA
"541",2017-06-08,7300,0.8,NA,NA
"542",2017-06-09,7300,3.2,NA,NA
"543",2017-06-10,7300,1.8,NA,NA
"544",2017-06-12,7300,1.8,NA,NA
"545",2017-06-13,7300,1.7,NA,NA
"546",2017-06-14,7300,3.3,NA,NA
"547",2017-06-15,7300,1.8,NA,NA
"548",2017-06-16,7300,0.1,NA,NA
"549",2017-06-17,7300,1.9,NA,NA
"550",2017-06-19,7300,0.7,NA,NA
"551",2017-06-20,7300,4,NA,NA
"552",2017-06-21,7300,0.9,NA,NA
"553",2017-06-22,7300,1.5,NA,NA
"554",2017-06-23,7300,2.2,NA,NA
"555",2017-06-24,7300,1.9,NA,NA
"556",2017-06-26,7300,1.7,NA,NA
"557",2017-06-27,7300,2.9,NA,NA
"558",2017-06-28,7300,1.2,NA,NA
"559",2017-06-29,7300,0.1,NA,NA
"560",2017-06-30,7300,0.8,NA,NA
"561",2017-07-01,7300,2.3,NA,NA
"562",2017-07-03,7300,1.7,NA,NA
"563",2017-07-04,7300,2.1,NA,NA
"564",2017-07-05,7300,2.5,NA,NA
"565",2017-07-06,7300,2.3,NA,NA
"566",2017-07-07,7300,0.9,NA,NA
"567",2017-07-08,7300,1.5,NA,NA
"568",2017-07-10,7300,1.8,NA,NA
"569",2017-07-11,7300,0.9,NA,NA
"570",2017-07-12,7300,1.7,NA,NA
"571",2017-07-13,7300,2.4,NA,NA
"572",2017-07-14,7300,1.1,NA,NA
"573",2017-07-15,7300,2.3,NA,NA
"574",2017-07-17,7300,0.8,NA,NA
"575",2017-07-18,7300,3.8,NA,NA
"576",2017-07-19,7300,1.1,NA,NA
"577",2017-07-20,7300,2.5,NA,NA
"578",2017-07-21,7300,0.9,NA,NA
"579",2017-07-22,7300,1.3,NA,NA
"580",2017-07-24,7300,2,NA,NA
"581",2017-07-25,7300,1.3,NA,NA
"582",2017-07-26,7300,2.7,NA,NA
"583",2017-07-27,7300,2.7,NA,NA
"584",2017-07-28,7300,2.4,NA,NA
"585",2017-07-29,7300,2.1,NA,NA
"586",2017-07-31,7300,2,NA,NA
"587",2017-08-01,7300,2.3,NA,NA
"588",2017-08-02,7300,2.4,NA,NA
"589",2017-08-03,7300,0.8,NA,NA
"590",2017-08-04,7300,1.7,NA,NA
"591",2017-08-05,7300,1.7,NA,NA
"592",2017-08-07,7300,2.2,NA,NA
"593",2017-08-08,7300,4.4,NA,NA
"594",2017-08-09,7300,5,NA,NA
"595",2017-08-10,7300,4,NA,NA
"596",2017-08-11,7300,1.7,NA,NA
"597",2017-08-12,7300,5.5,NA,NA
"598",2017-08-13,7300,2.8,NA,NA
"599",2017-08-14,7300,3,NA,NA
"600",2017-08-16,7300,3,NA,NA
"601",2017-08-17,7300,3.3,NA,NA
"602",2017-08-18,7300,4.7,NA,NA
"603",2017-08-19,7300,1.7,NA,NA
"604",2017-08-21,7300,5.6,NA,NA
"605",2017-08-22,7300,7.1,NA,NA
"606",2017-08-23,7300,4.1,NA,NA
"607",2017-08-24,7300,3.3,NA,NA
"608",2017-08-25,7300,6.1,NA,NA
"609",2017-08-26,7300,4.1,NA,NA
"610",2017-08-28,7300,3.1,NA,NA
"611",2017-08-29,7300,3.1,NA,NA
"612",2017-08-30,7300,5.6,NA,NA
"613",2017-08-31,7300,4.4,NA,NA
"614",2017-09-01,7300,3.8,NA,NA
"615",2017-09-02,7300,5,NA,NA
"616",2017-09-04,7300,5.3,NA,NA
"617",2017-09-05,7300,0.3,NA,NA
"618",2017-09-06,7300,6.5,NA,NA
"619",2017-09-07,7300,6,NA,NA
"620",2017-09-08,7300,6,NA,NA
"621",2017-09-09,7300,5,NA,NA
"622",2017-09-11,7300,2,NA,NA
"623",2017-09-12,7300,4.8,NA,NA
"624",2017-09-14,7300,4.2,NA,NA
"625",2017-09-15,7300,3,NA,NA
"626",2017-09-16,7300,5.7,NA,NA
"627",2017-09-17,7300,3.5,NA,NA
"628",2017-09-18,7300,4,NA,NA
"629",2017-09-19,7300,6.5,NA,NA
"630",2017-09-20,7300,3.4,NA,NA
"631",2017-09-21,7300,6.8,NA,NA
"632",2017-09-22,7300,2.2,NA,NA
"633",2017-09-23,7300,1.8,NA,NA
"634",2017-09-25,7300,5,NA,NA
"635",2017-09-26,7300,2.5,NA,NA
"636",2017-09-27,7300,4.3,NA,NA
"637",2017-09-30,7300,3.2,NA,NA
"638",2017-10-01,7300,5.8,NA,NA
"639",2017-10-02,7300,5.5,NA,NA
"640",2017-10-03,7300,2,NA,NA
"641",2017-10-04,7300,3,NA,NA
"642",2017-10-05,7300,2.7,NA,NA
"643",2017-10-06,7300,6.5,NA,NA
"644",2017-10-07,7300,2,NA,NA
"645",2017-10-09,7300,4.2,NA,NA
"646",2017-10-10,7300,1.8,NA,NA
"647",2017-10-11,7300,2.7,NA,NA
"648",2017-10-12,7300,3,NA,NA
"649",2017-10-13,7300,1.2,NA,NA
"650",2017-10-14,7300,1.6,NA,NA
"651",2017-10-16,7300,0.5,NA,NA
"652",2017-10-17,7300,2.7,NA,NA
"653",2017-10-19,6900,2.3,NA,NA
"654",2017-10-20,6900,2.8,NA,NA
"655",2017-10-21,6900,6.1,NA,NA
"656",2017-10-23,6900,4,NA,NA
"657",2017-10-24,6900,2.6,NA,NA
