"","ArrivalDate","T","RA"
"1",2010-09-01,26.2,"1"
"2",2010-09-02,29.2,"1"
"3",2010-09-03,29.1,"0"
"4",2010-09-04,26.5,"1"
"5",2010-09-05,27.4,"1"
"6",2010-09-06,24.9,"1"
"7",2010-09-07,27.1,"1"
"8",2010-09-08,28.2,"1"
"9",2010-09-09,24.6,"1"
"10",2010-09-10,24.4,"1"
"11",2010-09-11,27.7,"0"
"12",2010-09-12,28.7,"1"
"13",2010-09-13,29.6,"0"
"14",2010-09-14,28.2,"1"
"15",2010-09-15,28.5,"1"
"16",2010-09-16,25.8,"1"
"17",2010-09-17,29,"1"
"18",2010-09-18,29.6,"0"
"19",2010-09-19,25.5,"1"
"20",2010-09-20,26.1,"0"
"21",2010-09-21,28,"0"
"22",2010-09-22,28.6,"1"
"23",2010-09-23,29.9,"0"
"24",2010-09-24,27.4,"1"
"25",2010-09-25,26.8,"1"
"26",2010-09-26,25.3,"1"
"27",2010-09-27,26.2,"1"
"28",2010-09-28,24.7,"1"
"29",2010-09-29,27.3,"0"
"30",2010-09-30,28.4,"0"
"31",2010-10-01,27.2,"0"
"32",2010-10-02,29,"0"
"33",2010-10-03,29.6,"0"
"34",2010-10-04,28.7,"0"
"35",2010-10-05,28.8,"0"
"36",2010-10-06,26.6,"0"
"37",2010-10-07,27.1,"0"
"38",2010-10-08,24.2,"1"
"39",2010-10-09,23.6,"1"
"40",2010-10-10,25.7,"0"
"41",2010-10-11,25.9,"0"
"42",2010-10-12,26,"0"
"43",2010-10-13,25.7,"0"
"44",2010-10-14,27.3,"1"
"45",2010-10-15,26.8,"1"
"46",2010-10-16,25.7,"0"
"47",2010-10-17,24.6,"1"
"48",2010-10-18,25.1,"0"
"49",2010-10-19,27.3,"0"
"50",2010-10-20,27.9,"0"
"51",2010-10-21,25.2,"1"
"52",2010-10-22,24.6,"0"
"53",2010-10-23,25.7,"1"
"54",2010-10-24,26.6,"0"
"55",2010-10-25,25.2,"1"
"56",2010-10-26,26.1,"0"
"57",2010-10-27,26.2,"0"
"58",2010-10-28,24,"1"
"59",2010-10-29,25.1,"0"
"60",2010-10-30,25.1,"0"
"61",2010-10-31,24.5,"0"
"62",2010-11-01,22.4,"1"
"63",2010-11-02,23,"1"
"64",2010-11-03,23.8,"0"
"65",2010-11-04,23.8,"0"
"66",2010-11-05,23.9,"0"
"67",2010-11-06,23.4,"0"
"68",2010-11-07,23.4,"0"
"69",2010-11-08,22.9,"0"
"70",2010-11-09,22.6,"0"
"71",2010-11-10,22.1,"0"
"72",2010-11-11,23.4,"0"
"73",2010-11-12,23.3,"0"
"74",2010-11-13,22.6,"0"
"75",2010-11-14,20.6,"1"
"76",2010-11-15,21.9,"0"
"77",2010-11-16,22.4,"0"
"78",2010-11-17,22.3,"0"
"79",2010-11-18,22.4,"0"
"80",2010-11-19,21.1,"1"
"81",2010-11-20,19.3,"1"
"82",2010-11-21,18.8,"1"
"83",2010-11-22,18.8,"0"
"84",2010-11-23,19.8,"0"
"85",2010-11-24,19.8,"0"
"86",2010-11-25,20.5,"0"
"87",2010-11-26,22.1,"0"
"88",2010-11-27,22.7,"0"
"89",2010-11-28,22.5,"0"
"90",2010-11-29,20.4,"1"
"91",2010-11-30,18,"1"
"92",2010-12-01,18.6,"0"
"93",2010-12-02,18.7,"0"
"94",2010-12-03,18.6,"0"
"95",2010-12-04,18,"0"
"96",2010-12-05,17.7,"0"
"97",2010-12-06,17.5,"0"
"98",2010-12-07,18.1,"0"
"99",2010-12-08,19.8,"0"
"100",2010-12-09,17.2,"1"
"101",2010-12-10,19.3,"0"
"102",2010-12-11,19.9,"0"
"103",2010-12-12,17.8,"1"
"104",2010-12-13,16.8,"0"
"105",2010-12-14,17.4,"0"
"106",2010-12-15,17.8,"0"
"107",2010-12-16,17.4,"0"
"108",2010-12-17,18.2,"0"
"109",2010-12-18,17.2,"0"
"110",2010-12-19,17,"0"
"111",2010-12-20,17.1,"0"
"112",2010-12-21,16.1,"0"
"113",2010-12-22,15.7,"0"
"114",2010-12-23,16.9,"0"
"115",2010-12-24,16.9,"0"
"116",2010-12-25,16.7,"0"
"117",2010-12-26,16.2,"0"
"118",2010-12-27,15.8,"0"
"119",2010-12-28,15.8,"0"
"120",2010-12-29,16,"0"
"121",2010-12-30,16.2,"0"
"122",2010-12-31,16.6,"0"
"123",2011-01-01,20.3,"0"
"124",2011-01-02,20.3,"0"
"125",2011-01-03,19.7,"0"
"126",2011-01-04,18.2,"1"
"127",2011-01-05,20.4,"0"
"128",2011-01-06,21.8,"0"
"129",2011-01-07,21.2,"0"
"130",2011-01-08,21.2,"0"
"131",2011-01-09,22,"0"
"132",2011-01-10,17.8,"1"
"133",2011-01-11,15.6,"1"
"134",2011-01-12,16.7,"0"
"135",2011-01-13,16.5,"0"
"136",2011-01-14,17.6,"0"
"137",2011-01-15,18.5,"0"
"138",2011-01-16,17.1,"0"
"139",2011-01-17,17.3,"0"
"140",2011-01-18,17.5,"0"
"141",2011-01-19,16.9,"0"
"142",2011-01-20,16.4,"0"
"143",2011-01-21,16.2,"0"
"144",2011-01-22,16.1,"0"
"145",2011-01-23,15.8,"0"
"146",2011-01-24,16.4,"0"
"147",2011-01-25,17.7,"0"
"148",2011-01-26,18.1,"0"
"149",2011-01-27,18.8,"0"
"150",2011-01-28,18.9,"0"
"151",2011-01-29,19.1,"0"
"152",2011-01-30,18.1,"0"
"153",2011-01-31,17.9,"0"
"154",2011-02-01,16.7,"0"
"155",2011-02-02,17.3,"0"
"156",2011-02-03,17.8,"0"
"157",2011-02-04,18,"0"
"158",2011-02-05,18.4,"0"
"159",2011-02-06,18.5,"0"
"160",2011-02-07,18.8,"0"
"161",2011-02-08,17.5,"1"
"162",2011-02-09,18,"0"
"163",2011-02-10,17.1,"0"
"164",2011-02-11,18.6,"0"
"165",2011-02-12,18.8,"0"
"166",2011-02-13,20.1,"0"
"167",2011-02-14,20.6,"0"
"168",2011-02-15,18.9,"1"
"169",2011-02-16,18.5,"1"
"170",2011-02-17,17.8,"1"
"171",2011-02-18,17.9,"0"
"172",2011-02-19,18.7,"0"
"173",2011-02-20,18.5,"0"
"174",2011-02-21,20,"0"
"175",2011-02-22,19.7,"0"
"176",2011-02-23,21.2,"0"
"177",2011-02-24,20.6,"0"
"178",2011-02-25,21.2,"0"
"179",2011-02-26,21.7,"0"
"180",2011-02-27,22.1,"0"
"181",2011-02-28,20.9,"0"
"182",2011-03-01,21.3,"0"
"183",2011-03-02,21.7,"0"
"184",2011-03-03,22.2,"0"
"185",2011-03-04,21.2,"1"
"186",2011-03-05,20.7,"0"
"187",2011-03-06,19.8,"1"
"188",2011-03-07,22.1,"0"
"189",2011-03-08,23.3,"0"
"190",2011-03-09,21.9,"1"
"191",2011-03-10,21.9,"0"
"192",2011-03-11,23.6,"0"
"193",2011-03-12,21.1,"1"
"194",2011-03-13,21.3,"0"
"195",2011-03-14,21,"1"
"196",2011-03-15,22.8,"0"
"197",2011-03-16,23,"0"
"198",2011-03-17,23.3,"0"
"199",2011-03-18,17.7,"1"
"200",2011-03-19,16.2,"1"
"201",2011-03-20,18.3,"1"
"202",2011-03-21,20.8,"1"
"203",2011-03-22,22.5,"1"
"204",2011-03-23,21.7,"1"
"205",2011-03-24,21.8,"1"
"206",2011-03-25,21,"1"
"207",2011-03-26,20,"1"
"208",2011-03-27,23.6,"0"
"209",2011-03-28,23.2,"0"
"210",2011-03-29,20.6,"1"
"211",2011-03-30,22.9,"1"
"212",2011-03-31,20.1,"1"
"213",2011-04-01,20.6,"1"
"214",2011-04-02,20.2,"1"
"215",2011-04-03,22.4,"0"
"216",2011-04-04,22.2,"1"
"217",2011-04-05,23.7,"0"
"218",2011-04-06,24,"1"
"219",2011-04-07,22,"1"
"220",2011-04-08,20.9,"1"
"221",2011-04-09,23.4,"0"
"222",2011-04-10,23.6,"0"
"223",2011-04-11,26.2,"0"
"224",2011-04-12,26.2,"0"
"225",2011-04-13,26.4,"1"
"226",2011-04-14,24.4,"1"
"227",2011-04-15,23.9,"0"
"228",2011-04-16,22.9,"1"
"229",2011-04-17,26.3,"0"
"230",2011-04-18,27.8,"0"
"231",2011-04-19,21.2,"1"
"232",2011-04-20,22.9,"1"
"233",2011-04-21,22.3,"1"
"234",2011-04-22,22.7,"1"
"235",2011-04-23,23.7,"1"
"236",2011-04-24,25,"0"
"237",2011-04-25,23.6,"0"
"238",2011-04-26,25.6,"0"
"239",2011-04-27,26.1,"1"
"240",2011-04-28,23.6,"1"
"241",2011-04-29,27.2,"0"
"242",2011-04-30,28.3,"0"
"243",2011-05-01,24.7,"1"
"244",2011-05-02,23.2,"1"
"245",2011-05-03,21.1,"1"
"246",2011-05-04,24,"1"
"247",2011-05-05,26.8,"0"
"248",2011-05-06,28.6,"0"
"249",2011-05-07,28.3,"0"
"250",2011-05-08,26.7,"1"
"251",2011-05-09,28.4,"1"
"252",2011-05-10,27.8,"0"
"253",2011-05-11,27.6,"0"
"254",2011-05-12,27.6,"0"
"255",2011-05-13,27.5,"0"
"256",2011-05-14,27.6,"1"
"257",2011-05-15,27.5,"0"
"258",2011-05-16,28.6,"0"
"259",2011-05-17,30.4,"0"
"260",2011-05-18,29.5,"0"
"261",2011-05-19,28.3,"1"
"262",2011-05-20,25.9,"1"
"263",2011-05-21,26.2,"1"
"264",2011-05-22,26.3,"1"
"265",2011-05-23,24.4,"1"
"266",2011-05-24,25.5,"0"
"267",2011-05-25,28,"0"
"268",2011-05-26,30,"0"
"269",2011-05-27,31.1,"0"
"270",2011-05-28,28.7,"1"
"271",2011-05-29,28.7,"1"
"272",2011-05-30,26.5,"1"
"273",2011-05-31,26.4,"1"
"274",2011-06-01,26.5,"1"
"275",2011-06-02,27.9,"1"
"276",2011-06-03,25.2,"1"
"277",2011-06-04,25.2,"1"
"278",2011-06-05,26.7,"1"
"279",2011-06-06,28.1,"0"
"280",2011-06-07,29.5,"1"
"281",2011-06-08,26.1,"1"
"282",2011-06-09,NA,"0"
"283",2011-06-10,NA,"0"
"284",2011-06-11,NA,"0"
"285",2011-06-12,NA,"0"
"286",2011-06-13,NA,"0"
"287",2011-06-14,31.4,"0"
"288",2011-06-15,30,"1"
"289",2011-06-16,30.7,"1"
"290",2011-06-17,28.4,"1"
"291",2011-06-18,31.7,"0"
"292",2011-06-19,28.4,"1"
"293",2011-06-20,30.5,"0"
"294",2011-06-21,29.1,"1"
"295",2011-06-22,28.1,"1"
"296",2011-06-23,27.6,"1"
"297",2011-06-24,30.2,"0"
"298",2011-06-25,30.4,"1"
"299",2011-06-26,31.9,"0"
"300",2011-06-27,28.2,"1"
"301",2011-06-28,29.8,"1"
"302",2011-06-29,27.7,"1"
"303",2011-06-30,27.8,"1"
"304",2011-07-01,28.2,"1"
"305",2011-07-02,26.2,"1"
"306",2011-07-03,27.1,"1"
"307",2011-07-04,27.6,"1"
"308",2011-07-05,27.5,"1"
"309",2011-07-06,27.1,"1"
"310",2011-07-07,27.8,"1"
"311",2011-07-08,28.3,"1"
"312",2011-07-09,28.1,"0"
"313",2011-07-10,29.5,"0"
"314",2011-07-11,30.7,"0"
"315",2011-07-12,30.2,"1"
"316",2011-07-13,26.4,"1"
"317",2011-07-14,25.9,"1"
"318",2011-07-15,24.7,"1"
"319",2011-07-16,26.9,"1"
"320",2011-07-17,27.9,"1"
"321",2011-07-18,25.2,"1"
"322",2011-07-19,26.9,"1"
"323",2011-07-20,30.9,"1"
"324",2011-07-21,31.6,"1"
"325",2011-07-22,27.3,"1"
"326",2011-07-23,27.4,"1"
"327",2011-07-24,30.8,"0"
"328",2011-07-25,28.8,"1"
"329",2011-07-26,29.1,"1"
"330",2011-07-27,28.4,"1"
"331",2011-07-28,28.7,"0"
"332",2011-07-29,26.9,"1"
"333",2011-07-30,26.8,"1"
"334",2011-07-31,28.8,"1"
"335",2011-08-01,30.2,"1"
"336",2011-08-02,31.2,"0"
"337",2011-08-03,31,"0"
"338",2011-08-04,27.1,"1"
"339",2011-08-05,26.6,"1"
"340",2011-08-06,27.9,"1"
"341",2011-08-07,27.7,"1"
"342",2011-08-08,29,"0"
"343",2011-08-09,28.2,"1"
"344",2011-08-10,29.7,"1"
"345",2011-08-11,30.3,"0"
"346",2011-08-12,31.7,"0"
"347",2011-08-13,26.8,"1"
"348",2011-08-14,25.8,"1"
"349",2011-08-15,24.9,"1"
"350",2011-08-16,25,"1"
"351",2011-08-17,28.2,"1"
"352",2011-08-18,26.7,"1"
"353",2011-08-19,28.6,"0"
"354",2011-08-20,30.7,"1"
"355",2011-08-21,29.2,"0"
"356",2011-08-22,27.7,"1"
"357",2011-08-23,29.2,"0"
"358",2011-08-24,25.9,"1"
"359",2011-08-25,28.8,"0"
"360",2011-08-26,29.7,"0"
"361",2011-08-27,31,"0"
"362",2011-08-28,30.6,"0"
"363",2011-08-29,32.1,"0"
"364",2011-08-30,31.9,"0"
"365",2011-08-31,30.6,"0"
"366",2011-09-01,28.6,"1"
"367",2011-09-02,30.2,"0"
"368",2011-09-03,30.3,"0"
"369",2011-09-04,31.8,"0"
"370",2011-09-05,29.3,"1"
"371",2011-09-06,27.8,"1"
"372",2011-09-07,28,"1"
"373",2011-09-08,27.3,"1"
"374",2011-09-09,30.3,"0"
"375",2011-09-10,27.7,"1"
"376",2011-09-11,30.1,"0"
"377",2011-09-12,30.8,"0"
"378",2011-09-13,30.7,"0"
"379",2011-09-14,29.8,"1"
"380",2011-09-15,27.8,"1"
"381",2011-09-16,28.1,"1"
"382",2011-09-17,27.9,"1"
"383",2011-09-18,27.9,"1"
"384",2011-09-19,30.9,"0"
"385",2011-09-20,30.2,"0"
"386",2011-09-21,27.6,"1"
"387",2011-09-22,27.9,"1"
"388",2011-09-23,28.5,"1"
"389",2011-09-24,25.6,"1"
"390",2011-09-25,25.7,"1"
"391",2011-09-26,27.2,"1"
"392",2011-09-27,27.3,"0"
"393",2011-09-28,28.4,"0"
"394",2011-09-29,29.4,"0"
"395",2011-09-30,30.7,"0"
"396",2011-10-01,27.2,"1"
"397",2011-10-02,28.2,"0"
"398",2011-10-03,27.6,"0"
"399",2011-10-04,28.7,"0"
"400",2011-10-05,28.8,"0"
"401",2011-10-06,28.8,"0"
"402",2011-10-07,28.9,"0"
"403",2011-10-08,28.2,"0"
"404",2011-10-09,28.8,"0"
"405",2011-10-10,28.6,"0"
"406",2011-10-11,28.5,"0"
"407",2011-10-12,28.4,"0"
"408",2011-10-13,28.4,"0"
"409",2011-10-14,28.3,"0"
"410",2011-10-15,26.2,"1"
"411",2011-10-16,25.1,"0"
"412",2011-10-17,26.2,"0"
"413",2011-10-18,26.7,"1"
"414",2011-10-19,27.4,"0"
"415",2011-10-20,26.5,"0"
"416",2011-10-21,27.8,"0"
"417",2011-10-22,24.7,"1"
"418",2011-10-23,24.6,"0"
"419",2011-10-24,25.1,"0"
"420",2011-10-25,25.1,"0"
"421",2011-10-26,24.9,"0"
"422",2011-10-27,23.6,"0"
"423",2011-10-28,23.8,"0"
"424",2011-10-29,23.6,"0"
"425",2011-10-30,23.8,"0"
"426",2011-10-31,24.2,"0"
"427",2011-11-01,21.7,"0"
"428",2011-11-02,20.9,"0"
"429",2011-11-03,21.5,"0"
"430",2011-11-04,21.5,"0"
"431",2011-11-05,22.4,"0"
"432",2011-11-06,23.4,"0"
"433",2011-11-07,21.2,"0"
"434",2011-11-08,21.7,"0"
"435",2011-11-09,21.7,"0"
"436",2011-11-10,20.8,"0"
"437",2011-11-11,19.6,"0"
"438",2011-11-12,21.4,"0"
"439",2011-11-13,19.2,"0"
"440",2011-11-14,20.2,"0"
"441",2011-11-15,21,"0"
"442",2011-11-16,19.2,"1"
"443",2011-11-17,18.3,"0"
"444",2011-11-18,18.9,"0"
"445",2011-11-19,19,"0"
"446",2011-11-20,20.3,"0"
"447",2011-11-21,20.4,"0"
"448",2011-11-22,20.7,"0"
"449",2011-11-23,20.6,"0"
"450",2011-11-24,20.4,"0"
"451",2011-11-25,20.7,"0"
"452",2011-11-26,20.4,"0"
"453",2011-11-27,20.1,"0"
"454",2011-11-28,20.8,"0"
"455",2011-11-29,22,"0"
"456",2011-11-30,20.3,"0"
"457",2011-12-01,20.3,"0"
"458",2011-12-02,20.3,"0"
"459",2011-12-03,19.7,"0"
"460",2011-12-04,18.2,"1"
"461",2011-12-05,20.4,"0"
"462",2011-12-06,21.8,"0"
"463",2011-12-07,21.2,"0"
"464",2011-12-08,21.2,"0"
"465",2011-12-09,22,"0"
"466",2011-12-10,17.8,"1"
"467",2011-12-11,15.6,"1"
"468",2011-12-12,16.7,"0"
"469",2011-12-13,16.5,"0"
"470",2011-12-14,17.6,"0"
"471",2011-12-15,18.5,"0"
"472",2011-12-16,17.1,"0"
"473",2011-12-17,17.3,"0"
"474",2011-12-18,17.5,"0"
"475",2011-12-19,16.9,"0"
"476",2011-12-20,16.4,"0"
"477",2011-12-21,16.2,"0"
"478",2011-12-22,16.1,"0"
"479",2011-12-23,15.8,"0"
"480",2011-12-24,16.4,"0"
"481",2011-12-25,17.7,"0"
"482",2011-12-26,18.1,"0"
"483",2011-12-27,18.8,"0"
"484",2011-12-28,18.9,"0"
"485",2011-12-29,19.1,"0"
"486",2011-12-30,18.1,"0"
"487",2011-12-31,17.9,"0"
"488",2012-01-01,17.4,"0"
"489",2012-01-02,17.2,"1"
"490",2012-01-03,17.2,"0"
"491",2012-01-04,16.2,"1"
"492",2012-01-05,16.5,"1"
"493",2012-01-06,16.7,"0"
"494",2012-01-07,16,"0"
"495",2012-01-08,15.9,"0"
"496",2012-01-09,16.8,"1"
"497",2012-01-10,17.5,"0"
"498",2012-01-11,15.8,"1"
"499",2012-01-12,16.1,"0"
"500",2012-01-13,15,"0"
"501",2012-01-14,14.4,"0"
"502",2012-01-15,14.1,"0"
"503",2012-01-16,15.9,"0"
"504",2012-01-17,14,"1"
"505",2012-01-18,14.2,"1"
"506",2012-01-19,16.2,"1"
"507",2012-01-20,14.9,"1"
"508",2012-01-21,16.1,"0"
"509",2012-01-22,15.2,"1"
"510",2012-01-23,16,"0"
"511",2012-01-24,17,"0"
"512",2012-01-25,16.5,"0"
"513",2012-01-26,17,"0"
"514",2012-01-27,16.9,"0"
"515",2012-01-28,16.1,"0"
"516",2012-01-29,16.2,"0"
"517",2012-01-30,16.7,"0"
"518",2012-01-31,16.6,"0"
"519",2012-02-01,16.5,"0"
"520",2012-02-02,16.3,"0"
"521",2012-02-03,16.9,"0"
"522",2012-02-04,17.2,"0"
"523",2012-02-05,17.9,"0"
"524",2012-02-06,17.2,"0"
"525",2012-02-07,17.7,"0"
"526",2012-02-08,18.8,"0"
"527",2012-02-09,18.8,"0"
"528",2012-02-10,18.8,"0"
"529",2012-02-11,17.5,"0"
"530",2012-02-12,18.2,"0"
"531",2012-02-13,19.4,"0"
"532",2012-02-14,19.2,"0"
"533",2012-02-15,18.5,"0"
"534",2012-02-16,18.5,"0"
"535",2012-02-17,20,"0"
"536",2012-02-18,19.8,"0"
"537",2012-02-19,18.4,"0"
"538",2012-02-20,19.6,"0"
"539",2012-02-21,20.6,"0"
"540",2012-02-22,21.1,"0"
"541",2012-02-23,22.1,"0"
"542",2012-02-24,22.1,"1"
"543",2012-02-25,19.8,"0"
"544",2012-02-26,20.5,"0"
"545",2012-02-27,21,"0"
"546",2012-02-28,19.5,"0"
"547",2012-02-29,19.9,"0"
"548",2012-03-01,18.3,"1"
"549",2012-03-02,19.7,"1"
"550",2012-03-03,18.3,"1"
"551",2012-03-04,15.6,"1"
"552",2012-03-05,17.1,"0"
"553",2012-03-06,17.3,"0"
"554",2012-03-07,20.2,"0"
"555",2012-03-08,20.7,"0"
"556",2012-03-09,22.4,"0"
"557",2012-03-10,21,"0"
"558",2012-03-11,22.4,"0"
"559",2012-03-12,22.8,"0"
"560",2012-03-13,22.1,"1"
"561",2012-03-14,20.7,"1"
"562",2012-03-15,21.4,"0"
"563",2012-03-16,20.2,"0"
"564",2012-03-17,20.8,"0"
"565",2012-03-18,21.9,"0"
"566",2012-03-19,23.2,"0"
"567",2012-03-20,24.3,"0"
"568",2012-03-21,23.1,"1"
"569",2012-03-22,20.1,"1"
"570",2012-03-23,22.3,"0"
"571",2012-03-24,24.7,"0"
"572",2012-03-25,25.4,"0"
"573",2012-03-26,25.6,"0"
"574",2012-03-27,18.7,"1"
"575",2012-03-28,20.4,"1"
"576",2012-03-29,21,"1"
"577",2012-03-30,20.8,"1"
"578",2012-03-31,24.2,"0"
"579",2012-04-01,25.2,"0"
"580",2012-04-02,26.2,"0"
"581",2012-04-03,26.1,"0"
"582",2012-04-04,22.8,"1"
"583",2012-04-05,20.9,"1"
"584",2012-04-06,20.6,"1"
"585",2012-04-07,21.7,"1"
"586",2012-04-08,19.3,"1"
"587",2012-04-09,19.4,"1"
"588",2012-04-10,23.3,"0"
"589",2012-04-11,22.4,"1"
"590",2012-04-12,21.4,"1"
"591",2012-04-13,21.9,"1"
"592",2012-04-14,20.2,"1"
"593",2012-04-15,21.7,"1"
"594",2012-04-16,24.7,"1"
"595",2012-04-17,21.1,"1"
"596",2012-04-18,18.8,"1"
"597",2012-04-19,21.2,"1"
"598",2012-04-20,25.2,"0"
"599",2012-04-21,27.4,"0"
"600",2012-04-22,21.7,"1"
"601",2012-04-23,24.5,"1"
"602",2012-04-24,21.1,"1"
"603",2012-04-25,20.9,"1"
"604",2012-04-26,22.2,"1"
"605",2012-04-27,20.2,"1"
"606",2012-04-28,21.3,"1"
"607",2012-04-29,21.8,"1"
"608",2012-04-30,21.5,"1"
"609",2012-05-01,22.2,"1"
"610",2012-05-02,23.6,"1"
"611",2012-05-03,24.1,"0"
"612",2012-05-04,23.1,"1"
"613",2012-05-05,26.1,"0"
"614",2012-05-06,27.8,"0"
"615",2012-05-07,28.3,"0"
"616",2012-05-08,28.2,"0"
"617",2012-05-09,29,"0"
"618",2012-05-10,29.4,"0"
"619",2012-05-11,29.6,"0"
"620",2012-05-12,26.7,"1"
"621",2012-05-13,22.8,"1"
"622",2012-05-14,23.7,"1"
"623",2012-05-15,22.9,"1"
"624",2012-05-16,24.9,"1"
"625",2012-05-17,23.1,"1"
"626",2012-05-18,26.6,"0"
"627",2012-05-19,29.2,"0"
"628",2012-05-20,29.6,"0"
"629",2012-05-21,29.6,"0"
"630",2012-05-22,29.6,"0"
"631",2012-05-23,23.8,"1"
"632",2012-05-24,23.1,"1"
"633",2012-05-25,27.7,"0"
"634",2012-05-26,30.1,"0"
"635",2012-05-27,31.2,"0"
"636",2012-05-28,30.3,"1"
"637",2012-05-29,31.9,"0"
"638",2012-05-30,28.8,"1"
"639",2012-05-31,30.5,"0"
"640",2012-06-01,30.3,"1"
"641",2012-06-02,26.7,"1"
"642",2012-06-03,25.1,"1"
"643",2012-06-04,25.1,"1"
"644",2012-06-05,24.3,"1"
"645",2012-06-06,24.5,"1"
"646",2012-06-07,27.6,"0"
"647",2012-06-08,29.8,"0"
"648",2012-06-09,30.8,"0"
"649",2012-06-10,28.2,"1"
"650",2012-06-11,27.8,"1"
"651",2012-06-12,27.7,"1"
"652",2012-06-13,24.7,"1"
"653",2012-06-14,24.9,"1"
"654",2012-06-15,25.6,"1"
"655",2012-06-16,28.6,"1"
"656",2012-06-17,29.6,"1"
"657",2012-06-18,30.6,"0"
"658",2012-06-19,29.2,"0"
"659",2012-06-20,29.2,"1"
"660",2012-06-21,26.1,"1"
"661",2012-06-22,26.7,"1"
"662",2012-06-23,25.3,"1"
"663",2012-06-24,24.9,"1"
"664",2012-06-25,25,"1"
"665",2012-06-26,24.7,"1"
"666",2012-06-27,24.4,"1"
"667",2012-06-28,24.8,"1"
"668",2012-06-29,30.3,"0"
"669",2012-06-30,32.6,"0"
"670",2012-07-01,29.3,"1"
"671",2012-07-02,30.3,"1"
"672",2012-07-03,27.3,"1"
"673",2012-07-04,26,"1"
"674",2012-07-05,27.7,"1"
"675",2012-07-06,29.4,"0"
"676",2012-07-07,29.6,"0"
"677",2012-07-08,28.8,"1"
"678",2012-07-09,26.6,"1"
"679",2012-07-10,27,"1"
"680",2012-07-11,26.4,"1"
"681",2012-07-12,25.8,"1"
"682",2012-07-13,27.4,"1"
"683",2012-07-14,27.7,"1"
"684",2012-07-15,27.1,"1"
"685",2012-07-16,26.4,"1"
"686",2012-07-17,26.8,"1"
"687",2012-07-18,27.1,"1"
"688",2012-07-19,29.1,"0"
"689",2012-07-20,31,"1"
"690",2012-07-21,29.2,"0"
"691",2012-07-22,26.4,"1"
"692",2012-07-23,26,"1"
"693",2012-07-24,25.9,"1"
"694",2012-07-25,29.2,"0"
"695",2012-07-26,29.8,"1"
"696",2012-07-27,28.2,"1"
"697",2012-07-28,28.9,"1"
"698",2012-07-29,26.8,"1"
"699",2012-07-30,30.3,"0"
"700",2012-07-31,28.7,"1"
"701",2012-08-01,26.4,"1"
"702",2012-08-02,27.3,"1"
"703",2012-08-03,30.4,"0"
"704",2012-08-04,31.6,"1"
"705",2012-08-05,29.9,"1"
"706",2012-08-06,27.3,"1"
"707",2012-08-07,26.9,"1"
"708",2012-08-08,29.9,"1"
"709",2012-08-09,32.4,"1"
"710",2012-08-10,28.9,"1"
"711",2012-08-11,31.8,"0"
"712",2012-08-12,27.9,"0"
"713",2012-08-13,30.5,"1"
"714",2012-08-14,28.1,"1"
"715",2012-08-15,30.8,"0"
"716",2012-08-16,29.7,"0"
"717",2012-08-17,31.7,"1"
"718",2012-08-18,32,"0"
"719",2012-08-19,28.6,"1"
"720",2012-08-20,26.6,"1"
"721",2012-08-21,25.9,"1"
"722",2012-08-22,26.6,"1"
"723",2012-08-23,27.2,"1"
"724",2012-08-24,27.1,"1"
"725",2012-08-25,30.2,"0"
"726",2012-08-26,28,"0"
"727",2012-08-27,29.8,"0"
"728",2012-08-28,28.6,"1"
"729",2012-08-29,29.4,"1"
"730",2012-08-30,28,"1"
"731",2012-08-31,26.2,"1"
"732",2012-09-01,24.6,"1"
"733",2012-09-02,28.1,"0"
"734",2012-09-03,23.6,"1"
"735",2012-09-04,27.5,"0"
"736",2012-09-05,29.4,"0"
"737",2012-09-06,30.1,"0"
"738",2012-09-07,30.5,"0"
"739",2012-09-08,31.6,"0"
"740",2012-09-09,30.4,"0"
"741",2012-09-10,26.3,"1"
"742",2012-09-11,28.3,"1"
"743",2012-09-12,23.6,"1"
"744",2012-09-13,24.6,"1"
"745",2012-09-14,23.8,"1"
"746",2012-09-15,23.1,"1"
"747",2012-09-16,23.4,"1"
"748",2012-09-17,26.1,"1"
"749",2012-09-18,24.8,"1"
"750",2012-09-19,23.5,"1"
"751",2012-09-20,25,"1"
"752",2012-09-21,22.4,"1"
"753",2012-09-22,23.6,"1"
"754",2012-09-23,23.3,"1"
"755",2012-09-24,23,"1"
"756",2012-09-25,25.9,"0"
"757",2012-09-26,28.2,"0"
"758",2012-09-27,28.5,"0"
"759",2012-09-28,28.4,"0"
"760",2012-09-29,29.2,"0"
"761",2012-09-30,25.7,"1"
"762",2012-10-01,24.6,"1"
"763",2012-10-02,23.8,"1"
"764",2012-10-03,25.1,"1"
"765",2012-10-04,24,"1"
"766",2012-10-05,24.5,"1"
"767",2012-10-06,26.5,"0"
"768",2012-10-07,27.7,"0"
"769",2012-10-08,28.3,"0"
"770",2012-10-09,25.2,"1"
"771",2012-10-10,26.9,"1"
"772",2012-10-11,22.9,"1"
"773",2012-10-12,24.5,"0"
"774",2012-10-13,24.7,"0"
"775",2012-10-14,25.3,"0"
"776",2012-10-15,25.2,"0"
"777",2012-10-16,25.3,"0"
"778",2012-10-17,24.7,"0"
"779",2012-10-18,24.6,"0"
"780",2012-10-19,26.1,"0"
"781",2012-10-20,24.8,"0"
"782",2012-10-21,24.5,"0"
"783",2012-10-22,24.7,"0"
"784",2012-10-23,24.4,"0"
"785",2012-10-24,24.4,"0"
"786",2012-10-25,22.3,"1"
"787",2012-10-26,23.4,"0"
"788",2012-10-27,24.6,"0"
"789",2012-10-28,23.8,"0"
"790",2012-10-29,23.8,"0"
"791",2012-10-30,23.6,"0"
"792",2012-10-31,23.7,"0"
"793",2012-11-01,22.4,"0"
"794",2012-11-02,22.1,"0"
"795",2012-11-03,22.2,"0"
"796",2012-11-04,23.1,"0"
"797",2012-11-05,22.2,"0"
"798",2012-11-06,21.7,"0"
"799",2012-11-07,22.1,"0"
"800",2012-11-08,19,"1"
"801",2012-11-09,21.1,"0"
"802",2012-11-10,21.3,"0"
"803",2012-11-11,20.9,"0"
"804",2012-11-12,20.2,"0"
"805",2012-11-13,21.1,"0"
"806",2012-11-14,21.1,"0"
"807",2012-11-15,20.9,"0"
"808",2012-11-16,20.5,"0"
"809",2012-11-17,20.6,"0"
"810",2012-11-18,20.2,"0"
"811",2012-11-19,21.3,"0"
"812",2012-11-20,21.1,"0"
"813",2012-11-21,21.3,"0"
"814",2012-11-22,21,"0"
"815",2012-11-23,20.8,"0"
"816",2012-11-24,21.2,"0"
"817",2012-11-25,20.5,"1"
"818",2012-11-26,19.8,"0"
"819",2012-11-27,19.2,"0"
"820",2012-11-28,19.4,"0"
"821",2012-11-29,19.1,"0"
"822",2012-11-30,18.9,"0"
"823",2012-12-01,19,"0"
"824",2012-12-02,19.2,"0"
"825",2012-12-03,19.2,"0"
"826",2012-12-04,19.3,"0"
"827",2012-12-05,20.8,"0"
"828",2012-12-06,19.7,"0"
"829",2012-12-07,20.2,"0"
"830",2012-12-08,20.6,"0"
"831",2012-12-09,19.9,"1"
"832",2012-12-10,19.7,"0"
"833",2012-12-11,18.5,"0"
"834",2012-12-12,18.2,"1"
"835",2012-12-13,15.3,"1"
"836",2012-12-14,17.1,"0"
"837",2012-12-15,16.1,"0"
"838",2012-12-16,16.7,"0"
"839",2012-12-17,16.4,"0"
"840",2012-12-18,17.7,"0"
"841",2012-12-19,18.2,"1"
"842",2012-12-20,16.6,"1"
"843",2012-12-21,16.6,"0"
"844",2012-12-22,16.3,"0"
"845",2012-12-23,16.7,"0"
"846",2012-12-24,15.4,"0"
"847",2012-12-25,15.9,"0"
"848",2012-12-26,15.6,"0"
"849",2012-12-27,15.8,"0"
"850",2012-12-28,14.9,"0"
"851",2012-12-29,15.3,"0"
"852",2012-12-30,15.7,"0"
"853",2012-12-31,16.4,"0"
"854",2013-01-01,16.6,"0"
"855",2013-01-02,16.6,"0"
"856",2013-01-03,17.5,"0"
"857",2013-01-04,16.1,"1"
"858",2013-01-05,15.4,"0"
"859",2013-01-06,15.4,"0"
"860",2013-01-07,16.7,"1"
"861",2013-01-08,14,"1"
"862",2013-01-09,13.8,"0"
"863",2013-01-10,14.1,"0"
"864",2013-01-11,13.2,"0"
"865",2013-01-12,14.4,"0"
"866",2013-01-13,14.1,"0"
"867",2013-01-14,15.4,"0"
"868",2013-01-15,16.1,"0"
"869",2013-01-16,16.2,"0"
"870",2013-01-17,17.2,"0"
"871",2013-01-18,17.1,"0"
"872",2013-01-19,18.1,"0"
"873",2013-01-20,18.7,"0"
"874",2013-01-21,17.3,"0"
"875",2013-01-22,16.7,"0"
"876",2013-01-23,16.2,"0"
"877",2013-01-24,16.2,"0"
"878",2013-01-25,16.5,"0"
"879",2013-01-26,15.7,"0"
"880",2013-01-27,15.8,"0"
"881",2013-01-28,16.8,"0"
"882",2013-01-29,17.6,"0"
"883",2013-01-30,17.3,"0"
"884",2013-01-31,17.5,"0"
"885",2013-02-01,19.2,"0"
"886",2013-02-02,18.7,"0"
"887",2013-02-03,18.4,"0"
"888",2013-02-04,18.8,"0"
"889",2013-02-05,18.9,"0"
"890",2013-02-06,19,"0"
"891",2013-02-07,19.6,"0"
"892",2013-02-08,20,"1"
"893",2013-02-09,21.2,"0"
"894",2013-02-10,20.1,"0"
"895",2013-02-11,20.3,"0"
"896",2013-02-12,19.9,"0"
"897",2013-02-13,20.5,"1"
"898",2013-02-14,20.7,"0"
"899",2013-02-15,21,"0"
"900",2013-02-16,22.2,"1"
"901",2013-02-17,18.8,"1"
"902",2013-02-18,18.9,"0"
"903",2013-02-19,19.8,"0"
"904",2013-02-20,20.3,"0"
"905",2013-02-21,20.8,"0"
"906",2013-02-22,21.7,"0"
"907",2013-02-23,22.6,"0"
"908",2013-02-24,22.1,"0"
"909",2013-02-25,23.5,"0"
"910",2013-02-26,22.2,"0"
"911",2013-02-27,23.3,"0"
"912",2013-02-28,23.3,"0"
"913",2013-03-01,23.2,"0"
"914",2013-03-02,23.9,"0"
"915",2013-03-03,24.4,"0"
"916",2013-03-04,24.3,"0"
"917",2013-03-05,25.4,"0"
"918",2013-03-06,24.2,"0"
"919",2013-03-07,22.8,"0"
"920",2013-03-08,23.9,"0"
"921",2013-03-09,23.3,"0"
"922",2013-03-10,23.8,"0"
"923",2013-03-11,22,"1"
"924",2013-03-12,21.4,"0"
"925",2013-03-13,24.3,"0"
"926",2013-03-14,24.6,"0"
"927",2013-03-15,25.6,"0"
"928",2013-03-16,23.8,"1"
"929",2013-03-17,25.1,"1"
"930",2013-03-18,20.8,"1"
"931",2013-03-19,19.5,"1"
"932",2013-03-20,22.3,"0"
"933",2013-03-21,23.5,"1"
"934",2013-03-22,17.9,"1"
"935",2013-03-23,21.9,"0"
"936",2013-03-24,23.7,"0"
"937",2013-03-25,21.2,"1"
"938",2013-03-26,21.4,"1"
"939",2013-03-27,22.8,"0"
"940",2013-03-28,25.3,"0"
"941",2013-03-29,22.3,"1"
"942",2013-03-30,18.8,"1"
"943",2013-03-31,20.6,"1"
"944",2013-04-01,22.6,"1"
"945",2013-04-02,22.1,"0"
"946",2013-04-03,20.7,"1"
"947",2013-04-04,19.6,"1"
"948",2013-04-05,23.2,"1"
"949",2013-04-06,21.8,"0"
"950",2013-04-07,22.3,"0"
"951",2013-04-08,21.9,"0"
"952",2013-04-09,23.1,"1"
"953",2013-04-10,21.3,"1"
"954",2013-04-11,20.7,"1"
"955",2013-04-12,22.5,"1"
"956",2013-04-13,22.7,"1"
"957",2013-04-14,22.5,"1"
"958",2013-04-15,20.5,"1"
"959",2013-04-16,20.9,"1"
"960",2013-04-17,22.4,"1"
"961",2013-04-18,23.3,"1"
"962",2013-04-19,20.6,"1"
"963",2013-04-20,22.8,"1"
"964",2013-04-21,23.6,"0"
"965",2013-04-22,22.7,"1"
"966",2013-04-23,24.9,"0"
"967",2013-04-24,26.6,"0"
"968",2013-04-25,28.1,"0"
"969",2013-04-26,28.3,"0"
"970",2013-04-27,26.1,"1"
"971",2013-04-28,27.1,"1"
"972",2013-04-29,26.5,"1"
"973",2013-04-30,27.1,"1"
"974",2013-05-01,24.2,"1"
"975",2013-05-02,21.2,"1"
"976",2013-05-03,23.5,"1"
"977",2013-05-04,20.8,"1"
"978",2013-05-05,20.7,"1"
"979",2013-05-06,24.4,"1"
"980",2013-05-07,24.4,"1"
"981",2013-05-08,24.8,"1"
"982",2013-05-09,25.8,"0"
"983",2013-05-10,26.7,"0"
"984",2013-05-11,26.2,"1"
"985",2013-05-12,22.4,"1"
"986",2013-05-13,23.2,"1"
"987",2013-05-14,22.5,"1"
"988",2013-05-15,25.1,"1"
"989",2013-05-16,25.2,"1"
"990",2013-05-17,25.1,"1"
"991",2013-05-18,22.6,"1"
"992",2013-05-19,23.2,"0"
"993",2013-05-20,27.3,"0"
"994",2013-05-21,29.1,"0"
"995",2013-05-22,28.7,"1"
"996",2013-05-23,27.2,"1"
"997",2013-05-24,26,"1"
"998",2013-05-25,28.8,"0"
"999",2013-05-26,30.7,"0"
"1000",2013-05-27,29.5,"1"
"1001",2013-05-28,28.8,"1"
"1002",2013-05-29,29.1,"0"
"1003",2013-05-30,29.4,"1"
"1004",2013-05-31,27.1,"1"
"1005",2013-06-01,26.9,"1"
"1006",2013-06-02,28.9,"0"
"1007",2013-06-03,29.8,"1"
"1008",2013-06-04,27.9,"1"
"1009",2013-06-05,30.2,"0"
"1010",2013-06-06,28.8,"1"
"1011",2013-06-07,29.4,"1"
"1012",2013-06-08,26.8,"1"
"1013",2013-06-09,27.9,"1"
"1014",2013-06-10,30.3,"1"
"1015",2013-06-11,32.3,"0"
"1016",2013-06-12,32,"0"
"1017",2013-06-13,31.3,"0"
"1018",2013-06-14,31.7,"0"
"1019",2013-06-15,30.8,"1"
"1020",2013-06-16,27.5,"1"
"1021",2013-06-17,28.7,"1"
"1022",2013-06-18,26.2,"1"
"1023",2013-06-19,29.8,"1"
"1024",2013-06-20,29.9,"0"
"1025",2013-06-21,29.8,"0"
"1026",2013-06-22,30.3,"1"
"1027",2013-06-23,28,"1"
"1028",2013-06-24,30,"1"
"1029",2013-06-25,26.5,"1"
"1030",2013-06-26,26.7,"1"
"1031",2013-06-27,25.4,"1"
"1032",2013-06-28,27,"1"
"1033",2013-06-29,28.7,"1"
"1034",2013-06-30,30.4,"0"
"1035",2013-07-01,27.3,"1"
"1036",2013-07-02,26.9,"1"
"1037",2013-07-03,30.6,"0"
"1038",2013-07-04,27.7,"1"
"1039",2013-07-05,27,"1"
"1040",2013-07-06,26.9,"1"
"1041",2013-07-07,27.5,"1"
"1042",2013-07-08,27.1,"1"
"1043",2013-07-09,26.2,"1"
"1044",2013-07-10,26.4,"1"
"1045",2013-07-11,28.3,"1"
"1046",2013-07-12,27.7,"1"
"1047",2013-07-13,28.5,"1"
"1048",2013-07-14,28.9,"1"
"1049",2013-07-15,29.6,"1"
"1050",2013-07-16,29.7,"1"
"1051",2013-07-17,28.2,"1"
"1052",2013-07-18,27.6,"1"
"1053",2013-07-19,26.7,"1"
"1054",2013-07-20,27.8,"1"
"1055",2013-07-21,27.9,"1"
"1056",2013-07-22,30.1,"0"
"1057",2013-07-23,28.3,"1"
"1058",2013-07-24,30,"1"
"1059",2013-07-25,28.6,"1"
"1060",2013-07-26,28.7,"1"
"1061",2013-07-27,28.3,"1"
"1062",2013-07-28,30.4,"0"
"1063",2013-07-29,31.5,"0"
"1064",2013-07-30,32.3,"1"
"1065",2013-07-31,26.4,"1"
"1066",2013-08-01,29.3,"0"
"1067",2013-08-02,29.9,"0"
"1068",2013-08-03,31,"1"
"1069",2013-08-04,31.7,"0"
"1070",2013-08-05,25,"1"
"1071",2013-08-06,25.7,"1"
"1072",2013-08-07,25.8,"1"
"1073",2013-08-08,25.9,"1"
"1074",2013-08-09,26.5,"1"
"1075",2013-08-10,28.9,"1"
"1076",2013-08-11,28.7,"1"
"1077",2013-08-12,28.7,"0"
"1078",2013-08-13,28.9,"0"
"1079",2013-08-14,29.9,"1"
"1080",2013-08-15,30.4,"0"
"1081",2013-08-16,28.2,"1"
"1082",2013-08-17,27.8,"1"
"1083",2013-08-18,31.1,"0"
"1084",2013-08-19,31.6,"0"
"1085",2013-08-20,30,"1"
"1086",2013-08-21,31,"0"
"1087",2013-08-22,27.4,"1"
"1088",2013-08-23,30.1,"0"
"1089",2013-08-24,30.8,"0"
"1090",2013-08-25,28.7,"1"
"1091",2013-08-26,27.8,"1"
"1092",2013-08-27,29.8,"0"
"1093",2013-08-28,27.3,"1"
"1094",2013-08-29,26.7,"1"
"1095",2013-08-30,27.1,"1"
"1096",2013-08-31,27.9,"1"
"1097",2013-09-01,27.8,"1"
"1098",2013-09-02,26.7,"1"
"1099",2013-09-03,26.4,"1"
"1100",2013-09-04,26.4,"1"
"1101",2013-09-05,26.5,"1"
"1102",2013-09-06,27.7,"0"
"1103",2013-09-07,28,"0"
"1104",2013-09-08,29.2,"0"
"1105",2013-09-09,28.3,"0"
"1106",2013-09-10,28.8,"0"
"1107",2013-09-11,29.6,"0"
"1108",2013-09-12,30.2,"0"
"1109",2013-09-13,30.6,"0"
"1110",2013-09-14,29.6,"0"
"1111",2013-09-15,28.3,"0"
"1112",2013-09-16,29.9,"0"
"1113",2013-09-17,30.1,"0"
"1114",2013-09-18,32.1,"0"
"1115",2013-09-19,32.1,"0"
"1116",2013-09-20,26.5,"1"
"1117",2013-09-21,29.8,"0"
"1118",2013-09-22,29.9,"0"
"1119",2013-09-23,28.9,"0"
"1120",2013-09-24,29.1,"0"
"1121",2013-09-25,29.8,"1"
"1122",2013-09-26,25.9,"1"
"1123",2013-09-27,28.8,"0"
"1124",2013-09-28,30.3,"0"
"1125",2013-09-29,28.2,"0"
"1126",2013-09-30,27.4,"1"
"1127",2013-10-01,27.9,"1"
"1128",2013-10-02,28.1,"0"
"1129",2013-10-03,28.2,"1"
"1130",2013-10-04,26.1,"1"
"1131",2013-10-05,24.3,"1"
"1132",2013-10-06,24.2,"1"
"1133",2013-10-07,21.4,"1"
"1134",2013-10-08,25.3,"0"
"1135",2013-10-09,26.1,"0"
"1136",2013-10-10,26.9,"0"
"1137",2013-10-11,27.2,"0"
"1138",2013-10-12,27.4,"0"
"1139",2013-10-13,26.9,"0"
"1140",2013-10-14,27.3,"0"
"1141",2013-10-15,26.3,"1"
"1142",2013-10-16,25.7,"0"
"1143",2013-10-17,27.6,"0"
"1144",2013-10-18,26.9,"0"
"1145",2013-10-19,25.2,"0"
"1146",2013-10-20,25.1,"0"
"1147",2013-10-21,23.6,"1"
"1148",2013-10-22,23.4,"1"
"1149",2013-10-23,24.4,"0"
"1150",2013-10-24,24.4,"0"
"1151",2013-10-25,25.1,"0"
"1152",2013-10-26,24.9,"0"
"1153",2013-10-27,25.3,"1"
"1154",2013-10-28,21.7,"1"
"1155",2013-10-29,18.3,"1"
"1156",2013-10-30,20.8,"1"
"1157",2013-10-31,20.8,"0"
"1158",2013-11-01,21.7,"0"
"1159",2013-11-02,22.2,"0"
"1160",2013-11-03,21.2,"0"
"1161",2013-11-04,21.6,"0"
"1162",2013-11-05,21.8,"0"
"1163",2013-11-06,22.4,"0"
"1164",2013-11-07,21.8,"0"
"1165",2013-11-08,21.5,"0"
"1166",2013-11-09,21.1,"0"
"1167",2013-11-10,21.2,"0"
"1168",2013-11-11,19.3,"0"
"1169",2013-11-12,20.6,"0"
"1170",2013-11-13,20.3,"0"
"1171",2013-11-14,20.8,"0"
"1172",2013-11-15,19.6,"0"
"1173",2013-11-16,19.7,"0"
"1174",2013-11-17,19.8,"0"
"1175",2013-11-18,19.5,"0"
"1176",2013-11-19,19.8,"0"
"1177",2013-11-20,21.2,"0"
"1178",2013-11-21,21,"0"
"1179",2013-11-22,20.6,"0"
"1180",2013-11-23,18.5,"0"
"1181",2013-11-24,19.8,"0"
"1182",2013-11-25,19.4,"0"
"1183",2013-11-26,21.3,"0"
"1184",2013-11-27,20.6,"0"
"1185",2013-11-28,21.2,"0"
"1186",2013-11-29,21.9,"0"
"1187",2013-11-30,21.7,"0"
"1188",2013-12-01,20.8,"0"
"1189",2013-12-02,20.7,"0"
"1190",2013-12-03,20.8,"0"
"1191",2013-12-04,20.6,"0"
"1192",2013-12-05,20,"0"
"1193",2013-12-06,19.9,"0"
"1194",2013-12-07,18.8,"0"
"1195",2013-12-08,20.1,"0"
"1196",2013-12-09,19.7,"0"
"1197",2013-12-10,20.2,"0"
"1198",2013-12-11,20.4,"1"
"1199",2013-12-12,16.1,"1"
"1200",2013-12-13,17.8,"0"
"1201",2013-12-14,17.2,"0"
"1202",2013-12-15,17.7,"0"
"1203",2013-12-16,15.6,"0"
"1204",2013-12-17,15.2,"0"
"1205",2013-12-18,14.8,"0"
"1206",2013-12-19,15.4,"0"
"1207",2013-12-20,15.6,"1"
"1208",2013-12-21,16.6,"0"
"1209",2013-12-22,15.7,"0"
"1210",2013-12-23,16.4,"0"
"1211",2013-12-24,16.8,"0"
"1212",2013-12-25,16.3,"0"
"1213",2013-12-26,16,"0"
"1214",2013-12-27,15.9,"0"
"1215",2013-12-28,15.3,"0"
"1216",2013-12-29,16,"0"
"1217",2013-12-30,16.4,"0"
"1218",2013-12-31,16.1,"0"
"1219",2014-01-01,15.9,"0"
"1220",2014-01-02,16.2,"0"
"1221",2014-01-03,16.7,"0"
"1222",2014-01-04,16.4,"0"
"1223",2014-01-05,16.3,"0"
"1224",2014-01-06,15.3,"0"
"1225",2014-01-07,14.4,"0"
"1226",2014-01-08,14.3,"0"
"1227",2014-01-09,14.7,"0"
"1228",2014-01-10,15.6,"0"
"1229",2014-01-11,17.7,"0"
"1230",2014-01-12,17.3,"0"
"1231",2014-01-13,16.4,"0"
"1232",2014-01-14,16.5,"0"
"1233",2014-01-15,17.3,"0"
"1234",2014-01-16,17.2,"0"
"1235",2014-01-17,17.8,"0"
"1236",2014-01-18,18,"0"
"1237",2014-01-19,15.8,"0"
"1238",2014-01-20,16.9,"0"
"1239",2014-01-21,18.2,"0"
"1240",2014-01-22,17.7,"0"
"1241",2014-01-23,18.1,"0"
"1242",2014-01-24,18.5,"0"
"1243",2014-01-25,18.8,"0"
"1244",2014-01-26,19.2,"0"
"1245",2014-01-27,18.8,"0"
"1246",2014-01-28,18.4,"0"
"1247",2014-01-29,18.6,"0"
"1248",2014-01-30,18.4,"0"
"1249",2014-01-31,18.5,"0"
"1250",2014-02-01,18.1,"0"
"1251",2014-02-02,18.2,"0"
"1252",2014-02-03,18,"0"
"1253",2014-02-04,18.8,"0"
"1254",2014-02-05,17.8,"0"
"1255",2014-02-06,17.4,"0"
"1256",2014-02-07,17.4,"1"
"1257",2014-02-08,15.8,"1"
"1258",2014-02-09,17,"1"
"1259",2014-02-10,17.8,"0"
"1260",2014-02-11,18.7,"1"
"1261",2014-02-12,18,"0"
"1262",2014-02-13,16.2,"0"
"1263",2014-02-14,18.7,"1"
"1264",2014-02-15,16,"1"
"1265",2014-02-16,15.8,"1"
"1266",2014-02-17,16,"1"
"1267",2014-02-18,17.1,"0"
"1268",2014-02-19,18.4,"0"
"1269",2014-02-20,19,"0"
"1270",2014-02-21,20.1,"0"
"1271",2014-02-22,21.8,"0"
"1272",2014-02-23,21.3,"0"
"1273",2014-02-24,21.3,"0"
"1274",2014-02-25,21.7,"0"
"1275",2014-02-26,21.7,"0"
"1276",2014-02-27,22.1,"1"
"1277",2014-02-28,21.3,"1"
"1278",2014-03-01,22.2,"0"
"1279",2014-03-02,23,"0"
"1280",2014-03-03,23.1,"0"
"1281",2014-03-04,21.8,"0"
"1282",2014-03-05,19.9,"0"
"1283",2014-03-06,20.6,"0"
"1284",2014-03-07,20.5,"0"
"1285",2014-03-08,18.9,"0"
"1286",2014-03-09,22,"0"
"1287",2014-03-10,22.4,"0"
"1288",2014-03-11,22.6,"0"
"1289",2014-03-12,22.2,"0"
"1290",2014-03-13,21.7,"0"
"1291",2014-03-14,22.7,"0"
"1292",2014-03-15,24,"0"
"1293",2014-03-16,24.2,"0"
"1294",2014-03-17,25.1,"0"
"1295",2014-03-18,25.8,"0"
"1296",2014-03-19,20.9,"1"
"1297",2014-03-20,22.8,"1"
"1298",2014-03-21,20.7,"0"
"1299",2014-03-22,20.8,"0"
"1300",2014-03-23,22,"0"
"1301",2014-03-24,23.3,"0"
"1302",2014-03-25,25.9,"0"
"1303",2014-03-26,24.3,"0"
"1304",2014-03-27,24.1,"0"
"1305",2014-03-28,26,"0"
"1306",2014-03-29,22.4,"1"
"1307",2014-03-30,23.3,"0"
"1308",2014-03-31,25,"1"
"1309",2014-04-01,23.6,"0"
"1310",2014-04-02,22.9,"0"
"1311",2014-04-03,22.9,"0"
"1312",2014-04-04,20.2,"0"
"1313",2014-04-05,24.1,"0"
"1314",2014-04-06,26,"0"
"1315",2014-04-07,27.2,"0"
"1316",2014-04-08,23.1,"1"
"1317",2014-04-09,22.2,"1"
"1318",2014-04-10,25.2,"1"
"1319",2014-04-11,25.3,"1"
"1320",2014-04-12,25.9,"0"
"1321",2014-04-13,26.7,"0"
"1322",2014-04-14,28.3,"0"
"1323",2014-04-15,24.3,"0"
"1324",2014-04-16,25.5,"0"
"1325",2014-04-17,22.8,"0"
"1326",2014-04-18,26.7,"0"
"1327",2014-04-19,28.2,"0"
"1328",2014-04-20,29.3,"0"
"1329",2014-04-21,28.6,"0"
"1330",2014-04-22,29.6,"0"
"1331",2014-04-23,28.6,"0"
"1332",2014-04-24,28.4,"1"
"1333",2014-04-25,26.2,"0"
"1334",2014-04-26,27.1,"0"
"1335",2014-04-27,28.1,"0"
"1336",2014-04-28,24.9,"1"
"1337",2014-04-29,27.3,"0"
"1338",2014-04-30,29.4,"0"
"1339",2014-05-01,30,"0"
"1340",2014-05-02,24.1,"1"
"1341",2014-05-03,23,"1"
"1342",2014-05-04,23.1,"1"
"1343",2014-05-05,25.4,"0"
"1344",2014-05-06,25.5,"1"
"1345",2014-05-07,21.2,"1"
"1346",2014-05-08,21.2,"1"
"1347",2014-05-09,21.2,"1"
"1348",2014-05-10,23.3,"1"
"1349",2014-05-11,21.4,"1"
"1350",2014-05-12,23.8,"1"
"1351",2014-05-13,22.2,"1"
"1352",2014-05-14,24.6,"1"
"1353",2014-05-15,24.6,"1"
"1354",2014-05-16,25.8,"0"
"1355",2014-05-17,23.4,"1"
"1356",2014-05-18,26.1,"0"
"1357",2014-05-19,28.5,"0"
"1358",2014-05-20,28.7,"0"
"1359",2014-05-21,24.1,"1"
"1360",2014-05-22,23.5,"1"
"1361",2014-05-23,27.1,"0"
"1362",2014-05-24,29.7,"0"
"1363",2014-05-25,28.8,"1"
"1364",2014-05-26,30.3,"0"
"1365",2014-05-27,27.3,"1"
"1366",2014-05-28,28.1,"0"
"1367",2014-05-29,26.8,"0"
"1368",2014-05-30,29,"0"
"1369",2014-05-31,30.4,"0"
"1370",2014-06-01,31,"0"
"1371",2014-06-02,30.7,"0"
"1372",2014-06-03,28.5,"1"
"1373",2014-06-04,27.9,"1"
"1374",2014-06-05,28.2,"1"
"1375",2014-06-06,28,"0"
"1376",2014-06-07,29.6,"0"
"1377",2014-06-08,28.7,"0"
"1378",2014-06-09,27.9,"0"
"1379",2014-06-10,28.6,"1"
"1380",2014-06-11,29.4,"0"
"1381",2014-06-12,29.4,"0"
"1382",2014-06-13,31.1,"0"
"1383",2014-06-14,29.3,"1"
"1384",2014-06-15,29.8,"1"
"1385",2014-06-16,29.8,"0"
"1386",2014-06-17,31.5,"0"
"1387",2014-06-18,32,"1"
"1388",2014-06-19,28.8,"1"
"1389",2014-06-20,27.9,"1"
"1390",2014-06-21,28.9,"1"
"1391",2014-06-22,27.6,"1"
"1392",2014-06-23,28,"1"
"1393",2014-06-24,27.3,"1"
"1394",2014-06-25,30.3,"0"
"1395",2014-06-26,30.7,"1"
"1396",2014-06-27,28.1,"1"
"1397",2014-06-28,26.5,"1"
"1398",2014-06-29,27.2,"1"
"1399",2014-06-30,28.8,"1"
"1400",2014-07-01,31.2,"0"
"1401",2014-07-02,30.8,"0"
"1402",2014-07-03,27.6,"1"
"1403",2014-07-04,29.7,"0"
"1404",2014-07-05,29.9,"1"
"1405",2014-07-06,29.4,"0"
"1406",2014-07-07,28.4,"1"
"1407",2014-07-08,27.6,"1"
"1408",2014-07-09,30.2,"0"
"1409",2014-07-10,30.4,"0"
"1410",2014-07-11,32.3,"0"
"1411",2014-07-12,30.3,"0"
"1412",2014-07-13,NA,"0"
"1413",2014-07-14,28.9,"1"
"1414",2014-07-15,26.9,"1"
"1415",2014-07-16,28.9,"1"
"1416",2014-07-17,28.9,"0"
"1417",2014-07-18,29.2,"1"
"1418",2014-07-19,29.1,"0"
"1419",2014-07-20,31.4,"0"
"1420",2014-07-21,29.5,"1"
"1421",2014-07-22,27.4,"1"
"1422",2014-07-23,29.3,"1"
"1423",2014-07-24,30.3,"0"
"1424",2014-07-25,31.7,"0"
"1425",2014-07-26,30.8,"0"
"1426",2014-07-27,32.2,"1"
"1427",2014-07-28,28.7,"1"
"1428",2014-07-29,30.3,"0"
"1429",2014-07-30,30.2,"0"
"1430",2014-07-31,31,"1"
"1431",2014-08-01,30.5,"0"
"1432",2014-08-02,30.6,"0"
"1433",2014-08-03,29,"1"
"1434",2014-08-04,30.5,"1"
"1435",2014-08-05,28.2,"1"
"1436",2014-08-06,28.9,"0"
"1437",2014-08-07,30.2,"0"
"1438",2014-08-08,30.6,"1"
"1439",2014-08-09,29.8,"0"
"1440",2014-08-10,28.5,"1"
"1441",2014-08-11,27.7,"1"
"1442",2014-08-12,26,"1"
"1443",2014-08-13,25.7,"1"
"1444",2014-08-14,24.1,"1"
"1445",2014-08-15,24.3,"1"
"1446",2014-08-16,26.8,"1"
"1447",2014-08-17,28.7,"0"
"1448",2014-08-18,28.6,"0"
"1449",2014-08-19,28,"1"
"1450",2014-08-20,29.4,"0"
"1451",2014-08-21,27.1,"1"
"1452",2014-08-22,25.7,"1"
"1453",2014-08-23,23.9,"1"
"1454",2014-08-24,23.1,"1"
"1455",2014-08-25,23.7,"1"
"1456",2014-08-26,25.7,"0"
"1457",2014-08-27,27.7,"0"
"1458",2014-08-28,29.3,"0"
"1459",2014-08-29,30.7,"0"
"1460",2014-08-30,29.5,"0"
"1461",2014-08-31,31,"0"
"1462",2014-09-01,31.2,"0"
"1463",2014-09-02,29.2,"1"
"1464",2014-09-03,30.9,"0"
"1465",2014-09-04,31.2,"0"
"1466",2014-09-05,30.2,"0"
"1467",2014-09-06,30.1,"0"
"1468",2014-09-07,26,"1"
"1469",2014-09-08,29.5,"0"
"1470",2014-09-09,27.2,"1"
"1471",2014-09-10,27.2,"1"
"1472",2014-09-11,28.1,"1"
"1473",2014-09-12,25.6,"1"
"1474",2014-09-13,27,"1"
"1475",2014-09-14,29.1,"0"
"1476",2014-09-15,29.2,"1"
"1477",2014-09-16,28.9,"1"
"1478",2014-09-17,30.6,"0"
"1479",2014-09-18,29.9,"0"
"1480",2014-09-19,27.2,"1"
"1481",2014-09-20,25.8,"1"
"1482",2014-09-21,26.3,"1"
"1483",2014-09-22,25.4,"1"
"1484",2014-09-23,23.6,"1"
"1485",2014-09-24,26.2,"0"
"1486",2014-09-25,27.7,"1"
"1487",2014-09-26,25.3,"1"
"1488",2014-09-27,26.5,"0"
"1489",2014-09-28,25.6,"1"
"1490",2014-09-29,27.7,"0"
"1491",2014-09-30,28.7,"0"
"1492",2014-10-01,28.8,"0"
"1493",2014-10-02,28.7,"0"
"1494",2014-10-03,28.4,"0"
"1495",2014-10-04,27.9,"0"
"1496",2014-10-05,28.6,"0"
"1497",2014-10-06,29.6,"0"
"1498",2014-10-07,29.5,"0"
"1499",2014-10-08,29.7,"0"
"1500",2014-10-09,29.4,"0"
"1501",2014-10-10,28.8,"0"
"1502",2014-10-11,28.1,"0"
"1503",2014-10-12,28.4,"0"
"1504",2014-10-13,29.4,"0"
"1505",2014-10-14,30,"0"
"1506",2014-10-15,26.7,"1"
"1507",2014-10-16,27,"1"
"1508",2014-10-17,27.3,"0"
"1509",2014-10-18,27.4,"0"
"1510",2014-10-19,25.8,"0"
"1511",2014-10-20,25.7,"0"
"1512",2014-10-21,26.2,"0"
"1513",2014-10-22,25.6,"0"
"1514",2014-10-23,25.9,"0"
"1515",2014-10-24,25.7,"0"
"1516",2014-10-25,25.1,"0"
"1517",2014-10-26,23.6,"0"
"1518",2014-10-27,23.5,"0"
"1519",2014-10-28,24.1,"0"
"1520",2014-10-29,24.5,"0"
"1521",2014-10-30,24.6,"0"
"1522",2014-10-31,24.2,"0"
"1523",2014-11-01,24.4,"0"
"1524",2014-11-02,24.9,"0"
"1525",2014-11-03,26,"0"
"1526",2014-11-04,24.8,"1"
"1527",2014-11-05,24.7,"0"
"1528",2014-11-06,24.6,"0"
"1529",2014-11-07,24.1,"0"
"1530",2014-11-08,24,"0"
"1531",2014-11-09,23.7,"0"
"1532",2014-11-10,24.2,"0"
"1533",2014-11-11,25.6,"0"
"1534",2014-11-12,22.8,"1"
"1535",2014-11-13,22.4,"1"
"1536",2014-11-14,22.5,"0"
"1537",2014-11-15,23.5,"0"
"1538",2014-11-16,23.2,"0"
"1539",2014-11-17,23.9,"0"
"1540",2014-11-18,23.3,"0"
"1541",2014-11-19,22.8,"0"
"1542",2014-11-20,23,"0"
"1543",2014-11-21,24.7,"0"
"1544",2014-11-22,21,"0"
"1545",2014-11-23,19.4,"1"
"1546",2014-11-24,19.5,"0"
"1547",2014-11-25,19.8,"0"
"1548",2014-11-26,19.4,"0"
"1549",2014-11-27,20.6,"0"
"1550",2014-11-28,18,"0"
"1551",2014-11-29,18.5,"0"
"1552",2014-11-30,19.2,"0"
"1553",2014-12-01,19.7,"0"
"1554",2014-12-02,20.8,"0"
"1555",2014-12-03,21.6,"0"
"1556",2014-12-04,23.3,"1"
"1557",2014-12-05,21.2,"0"
"1558",2014-12-06,21.3,"0"
"1559",2014-12-07,21.9,"0"
"1560",2014-12-08,22.2,"0"
"1561",2014-12-09,21.8,"0"
"1562",2014-12-10,20.2,"0"
"1563",2014-12-11,19.6,"0"
"1564",2014-12-12,20.9,"1"
"1565",2014-12-13,18.3,"0"
"1566",2014-12-14,18.7,"0"
"1567",2014-12-15,18,"0"
"1568",2014-12-16,19,"0"
"1569",2014-12-17,17.6,"0"
"1570",2014-12-18,18.4,"0"
"1571",2014-12-19,17.5,"0"
"1572",2014-12-20,16.7,"0"
"1573",2014-12-21,16.7,"0"
"1574",2014-12-22,16.4,"0"
"1575",2014-12-23,17.7,"0"
"1576",2014-12-24,17.6,"0"
"1577",2014-12-25,17.7,"0"
"1578",2014-12-26,17.3,"0"
"1579",2014-12-27,17.5,"0"
"1580",2014-12-28,17.8,"0"
"1581",2014-12-29,17.3,"0"
"1582",2014-12-30,18.4,"0"
"1583",2014-12-31,NA,"0"
"1584",2015-01-01,18.5,"0"
"1585",2015-01-02,19.2,"0"
"1586",2015-01-03,19.3,"0"
"1587",2015-01-04,18.7,"1"
"1588",2015-01-05,17.8,"0"
"1589",2015-01-06,17.6,"0"
"1590",2015-01-07,18.2,"0"
"1591",2015-01-08,18.7,"0"
"1592",2015-01-09,18.7,"0"
"1593",2015-01-10,18.2,"0"
"1594",2015-01-11,17.8,"0"
"1595",2015-01-12,17.6,"0"
"1596",2015-01-13,17.1,"0"
"1597",2015-01-14,18,"0"
"1598",2015-01-15,18.2,"0"
"1599",2015-01-16,18.4,"0"
"1600",2015-01-17,18.9,"0"
"1601",2015-01-18,17.8,"0"
"1602",2015-01-19,18.1,"0"
"1603",2015-01-20,18.2,"0"
"1604",2015-01-21,18.1,"0"
"1605",2015-01-22,18.1,"0"
"1606",2015-01-23,18.9,"0"
"1607",2015-01-24,18.9,"1"
"1608",2015-01-25,18.7,"0"
"1609",2015-01-26,18.6,"0"
"1610",2015-01-27,18.8,"0"
"1611",2015-01-28,19.9,"0"
"1612",2015-01-29,20.5,"1"
"1613",2015-01-30,18.8,"0"
"1614",2015-01-31,17.6,"0"
"1615",2015-02-01,17.4,"0"
"1616",2015-02-02,18.2,"0"
"1617",2015-02-03,18.7,"0"
"1618",2015-02-04,20,"0"
"1619",2015-02-05,19.7,"0"
"1620",2015-02-06,19.5,"0"
"1621",2015-02-07,19.3,"0"
"1622",2015-02-08,19,"0"
"1623",2015-02-09,19.9,"0"
"1624",2015-02-10,19.4,"0"
"1625",2015-02-11,19.3,"0"
"1626",2015-02-12,19.8,"0"
"1627",2015-02-13,15.5,"1"
"1628",2015-02-14,17.2,"0"
"1629",2015-02-15,18.6,"0"
"1630",2015-02-16,19.2,"0"
"1631",2015-02-17,19.6,"0"
"1632",2015-02-18,21.2,"0"
"1633",2015-02-19,17.3,"1"
"1634",2015-02-20,20.2,"0"
"1635",2015-02-21,21.8,"0"
"1636",2015-02-22,21.3,"0"
"1637",2015-02-23,21.7,"0"
"1638",2015-02-24,23.9,"0"
"1639",2015-02-25,23.3,"1"
"1640",2015-02-26,19.4,"1"
"1641",2015-02-27,21.4,"1"
"1642",2015-02-28,21.7,"0"
"1643",2015-03-01,23.8,"0"
"1644",2015-03-02,23.7,"1"
"1645",2015-03-03,21.4,"1"
"1646",2015-03-04,20.3,"0"
"1647",2015-03-05,20,"1"
"1648",2015-03-06,20.1,"0"
"1649",2015-03-07,20.7,"0"
"1650",2015-03-08,21.6,"0"
"1651",2015-03-09,21.9,"0"
"1652",2015-03-10,23.6,"0"
"1653",2015-03-11,24.1,"0"
"1654",2015-03-12,23.9,"0"
"1655",2015-03-13,24,"0"
"1656",2015-03-14,23.5,"0"
"1657",2015-03-15,21.6,"0"
"1658",2015-03-16,21.9,"1"
"1659",2015-03-17,24.1,"0"
"1660",2015-03-18,23.4,"1"
"1661",2015-03-19,23.2,"1"
"1662",2015-03-20,22.8,"0"
"1663",2015-03-21,23.7,"0"
"1664",2015-03-22,24.6,"0"
"1665",2015-03-23,26.2,"0"
"1666",2015-03-24,22.1,"1"
"1667",2015-03-25,24.4,"0"
"1668",2015-03-26,25.7,"0"
"1669",2015-03-27,22.4,"1"
"1670",2015-03-28,19.8,"1"
"1671",2015-03-29,25,"0"
"1672",2015-03-30,26.9,"0"
"1673",2015-03-31,20.5,"1"
"1674",2015-04-01,19.6,"1"
"1675",2015-04-02,18.6,"1"
"1676",2015-04-03,23.1,"0"
"1677",2015-04-04,20.9,"1"
"1678",2015-04-05,22,"1"
"1679",2015-04-06,21.2,"1"
"1680",2015-04-07,22.1,"0"
"1681",2015-04-08,21.2,"1"
"1682",2015-04-09,21.4,"1"
"1683",2015-04-10,20.4,"1"
"1684",2015-04-11,20.2,"1"
"1685",2015-04-12,24.7,"0"
"1686",2015-04-13,25.4,"0"
"1687",2015-04-14,27.3,"0"
"1688",2015-04-15,28.1,"0"
"1689",2015-04-16,29,"0"
"1690",2015-04-17,23.5,"1"
"1691",2015-04-18,20.7,"1"
"1692",2015-04-19,20.2,"1"
"1693",2015-04-20,24.6,"0"
"1694",2015-04-21,23.1,"1"
"1695",2015-04-22,21.2,"1"
"1696",2015-04-23,20.2,"1"
"1697",2015-04-24,21.1,"1"
"1698",2015-04-25,24.5,"0"
"1699",2015-04-26,23.7,"0"
"1700",2015-04-27,25.1,"0"
"1701",2015-04-28,26.2,"0"
"1702",2015-04-29,24.2,"1"
"1703",2015-04-30,25,"0"
"1704",2015-05-01,26.5,"0"
"1705",2015-05-02,26.9,"1"
"1706",2015-05-03,24.9,"1"
"1707",2015-05-04,23.5,"1"
"1708",2015-05-05,24,"1"
"1709",2015-05-06,27,"0"
"1710",2015-05-07,25.3,"0"
"1711",2015-05-08,25.8,"1"
"1712",2015-05-09,27.3,"0"
"1713",2015-05-10,29.1,"0"
"1714",2015-05-11,29.1,"0"
"1715",2015-05-12,25.8,"1"
"1716",2015-05-13,26.8,"1"
"1717",2015-05-14,25.4,"1"
"1718",2015-05-15,24.2,"1"
"1719",2015-05-16,23.8,"1"
"1720",2015-05-17,24.1,"1"
"1721",2015-05-18,27.2,"0"
"1722",2015-05-19,28.8,"0"
"1723",2015-05-20,30.9,"0"
"1724",2015-05-21,28.1,"1"
"1725",2015-05-22,25.8,"1"
"1726",2015-05-23,22.8,"1"
"1727",2015-05-24,24.5,"1"
"1728",2015-05-25,24.1,"1"
"1729",2015-05-26,25,"1"
"1730",2015-05-27,23.2,"1"
"1731",2015-05-28,22.8,"1"
"1732",2015-05-29,24.5,"1"
"1733",2015-05-30,28.1,"0"
"1734",2015-05-31,24.8,"1"
"1735",2015-06-01,25.3,"1"
"1736",2015-06-02,24.5,"1"
"1737",2015-06-03,26.8,"0"
"1738",2015-06-04,28.2,"0"
"1739",2015-06-05,25.2,"1"
"1740",2015-06-06,25.2,"1"
"1741",2015-06-07,23.1,"1"
"1742",2015-06-08,22.5,"1"
"1743",2015-06-09,22.2,"1"
"1744",2015-06-10,23.6,"1"
"1745",2015-06-11,27.3,"1"
"1746",2015-06-12,26.1,"1"
"1747",2015-06-13,25,"1"
"1748",2015-06-14,25.9,"1"
"1749",2015-06-15,27.3,"1"
"1750",2015-06-16,27,"1"
"1751",2015-06-17,26.8,"1"
"1752",2015-06-18,28.9,"1"
"1753",2015-06-19,28.8,"1"
"1754",2015-06-20,30.5,"0"
"1755",2015-06-21,29.6,"1"
"1756",2015-06-22,28.4,"1"
"1757",2015-06-23,29.8,"1"
"1758",2015-06-24,30.6,"0"
"1759",2015-06-25,32.5,"0"
"1760",2015-06-26,33.9,"0"
"1761",2015-06-27,31.2,"1"
"1762",2015-06-28,30.1,"0"
"1763",2015-06-29,27.6,"1"
"1764",2015-06-30,27.6,"1"
"1765",2015-07-01,27.4,"1"
"1766",2015-07-02,28.2,"1"
"1767",2015-07-03,29.3,"1"
"1768",2015-07-04,26.4,"1"
"1769",2015-07-05,28.2,"0"
"1770",2015-07-06,30.9,"0"
"1771",2015-07-07,32.2,"0"
"1772",2015-07-08,31.6,"0"
"1773",2015-07-09,30.8,"0"
"1774",2015-07-10,28.7,"1"
"1775",2015-07-11,31.2,"0"
"1776",2015-07-12,28.2,"1"
"1777",2015-07-13,28.8,"1"
"1778",2015-07-14,27.2,"1"
"1779",2015-07-15,27.2,"1"
"1780",2015-07-16,29.2,"1"
"1781",2015-07-17,30.6,"0"
"1782",2015-07-18,30.8,"0"
"1783",2015-07-19,30.6,"0"
"1784",2015-07-20,29.7,"1"
"1785",2015-07-21,26.2,"1"
"1786",2015-07-22,28.9,"1"
"1787",2015-07-23,25.9,"1"
"1788",2015-07-24,25.6,"1"
"1789",2015-07-25,28.9,"0"
"1790",2015-07-26,31.6,"0"
"1791",2015-07-27,31.3,"0"
"1792",2015-07-28,31.6,"0"
"1793",2015-07-29,31.9,"0"
"1794",2015-07-30,31.3,"0"
"1795",2015-07-31,29.5,"1"
"1796",2015-08-01,29.7,"1"
"1797",2015-08-02,31.4,"0"
"1798",2015-08-03,28.7,"1"
"1799",2015-08-04,26.6,"1"
"1800",2015-08-05,24.8,"1"
"1801",2015-08-06,27.5,"1"
"1802",2015-08-07,27.7,"1"
"1803",2015-08-08,30.3,"0"
"1804",2015-08-09,30.6,"0"
"1805",2015-08-10,31.5,"0"
"1806",2015-08-11,30.8,"1"
"1807",2015-08-12,29.4,"1"
"1808",2015-08-13,29,"1"
"1809",2015-08-14,28.2,"1"
"1810",2015-08-15,27.3,"1"
"1811",2015-08-16,28.1,"1"
"1812",2015-08-17,27.9,"1"
"1813",2015-08-18,27.3,"1"
"1814",2015-08-19,26.3,"1"
"1815",2015-08-20,23.9,"1"
"1816",2015-08-21,26.1,"1"
"1817",2015-08-22,28.7,"1"
"1818",2015-08-23,26.9,"1"
"1819",2015-08-24,27.8,"1"
"1820",2015-08-25,28.3,"1"
"1821",2015-08-26,29.7,"1"
"1822",2015-08-27,27,"1"
"1823",2015-08-28,26.4,"1"
"1824",2015-08-29,24.3,"1"
"1825",2015-08-30,24.3,"1"
"1826",2015-08-31,25.8,"1"
"1827",2015-09-01,25.6,"1"
"1828",2015-09-02,26.8,"1"
"1829",2015-09-03,27.5,"1"
"1830",2015-09-04,28.6,"0"
"1831",2015-09-05,27.2,"1"
"1832",2015-09-06,28.6,"1"
"1833",2015-09-07,27.7,"0"
"1834",2015-09-08,28.5,"1"
"1835",2015-09-09,30.1,"0"
"1836",2015-09-10,30.4,"1"
"1837",2015-09-11,27.8,"1"
"1838",2015-09-12,27.9,"1"
"1839",2015-09-13,29.7,"0"
"1840",2015-09-14,28.2,"1"
"1841",2015-09-15,29.6,"1"
"1842",2015-09-16,28.9,"0"
"1843",2015-09-17,30.4,"0"
"1844",2015-09-18,31.3,"0"
"1845",2015-09-19,30.1,"1"
"1846",2015-09-20,26.2,"1"
"1847",2015-09-21,26.9,"1"
"1848",2015-09-22,25.9,"1"
"1849",2015-09-23,26.1,"1"
"1850",2015-09-24,26.8,"1"
"1851",2015-09-25,26.6,"1"
"1852",2015-09-26,28,"1"
"1853",2015-09-27,28.6,"0"
"1854",2015-09-28,29.1,"0"
"1855",2015-09-29,29.5,"0"
"1856",2015-09-30,28.8,"0"
"1857",2015-10-01,29.6,"0"
"1858",2015-10-02,29.7,"0"
"1859",2015-10-03,27.4,"1"
"1860",2015-10-04,29.5,"0"
"1861",2015-10-05,28.3,"0"
"1862",2015-10-06,28.8,"0"
"1863",2015-10-07,29.8,"0"
"1864",2015-10-08,26.7,"1"
"1865",2015-10-09,27,"0"
"1866",2015-10-10,22.8,"1"
"1867",2015-10-11,25.8,"0"
"1868",2015-10-12,26.8,"0"
"1869",2015-10-13,27.1,"0"
"1870",2015-10-14,26.4,"0"
"1871",2015-10-15,23.4,"1"
"1872",2015-10-16,26.1,"0"
"1873",2015-10-17,27.5,"0"
"1874",2015-10-18,26.7,"0"
"1875",2015-10-19,27.2,"0"
"1876",2015-10-20,27,"0"
"1877",2015-10-21,26.7,"1"
"1878",2015-10-22,26.3,"0"
"1879",2015-10-23,25.4,"0"
"1880",2015-10-24,23.4,"1"
"1881",2015-10-25,24.6,"0"
"1882",2015-10-26,24.9,"0"
"1883",2015-10-27,24.9,"0"
"1884",2015-10-28,24.9,"0"
"1885",2015-10-29,24.3,"0"
"1886",2015-10-30,24.3,"0"
"1887",2015-10-31,23.4,"0"
"1888",2015-11-01,23,"0"
"1889",2015-11-02,23.8,"0"
"1890",2015-11-03,25.2,"0"
"1891",2015-11-04,20.3,"1"
"1892",2015-11-05,20.7,"0"
"1893",2015-11-06,21.3,"0"
"1894",2015-11-07,22.1,"0"
"1895",2015-11-08,21.7,"0"
"1896",2015-11-09,22,"0"
"1897",2015-11-10,21.7,"0"
"1898",2015-11-11,21.6,"0"
"1899",2015-11-12,21.1,"0"
"1900",2015-11-13,21.6,"0"
"1901",2015-11-14,20.3,"0"
"1902",2015-11-15,22.7,"0"
"1903",2015-11-16,22.6,"1"
"1904",2015-11-17,21.5,"1"
"1905",2015-11-18,20.3,"0"
"1906",2015-11-19,20.8,"0"
"1907",2015-11-20,21.1,"0"
"1908",2015-11-21,21.2,"0"
"1909",2015-11-22,21,"0"
"1910",2015-11-23,20.8,"0"
"1911",2015-11-24,20.2,"0"
"1912",2015-11-25,20.1,"0"
"1913",2015-11-26,20.3,"0"
"1914",2015-11-27,21.2,"0"
"1915",2015-11-28,21.6,"0"
"1916",2015-11-29,20.8,"0"
"1917",2015-11-30,20.7,"0"
"1918",2015-12-01,20.7,"0"
"1919",2015-12-02,21.4,"0"
"1920",2015-12-03,19.8,"1"
"1921",2015-12-04,18.3,"1"
"1922",2015-12-05,19.2,"0"
"1923",2015-12-06,18.6,"0"
"1924",2015-12-07,19.4,"0"
"1925",2015-12-08,21.2,"0"
"1926",2015-12-09,21.2,"0"
"1927",2015-12-10,20.7,"0"
"1928",2015-12-11,19.6,"1"
"1929",2015-12-12,17.6,"1"
"1930",2015-12-13,19.2,"0"
"1931",2015-12-14,18.7,"1"
"1932",2015-12-15,17.9,"1"
"1933",2015-12-16,16.6,"0"
"1934",2015-12-17,17.8,"0"
"1935",2015-12-18,17.6,"0"
"1936",2015-12-19,16.7,"1"
"1937",2015-12-20,17.7,"0"
"1938",2015-12-21,18.9,"0"
"1939",2015-12-22,17.1,"0"
"1940",2015-12-23,17.8,"0"
"1941",2015-12-24,18.1,"0"
"1942",2015-12-25,18.8,"0"
"1943",2015-12-26,17.9,"0"
"1944",2015-12-27,18.2,"0"
"1945",2015-12-28,19.2,"0"
"1946",2015-12-29,19.6,"0"
"1947",2015-12-30,20.7,"0"
"1948",2015-12-31,NA,"0"
