,ArrivalDate,T,RA
1,9/1/2010,26.2,1
2,9/2/2010,29.2,1
3,9/3/2010,29.1,0
4,9/4/2010,26.5,1
5,9/5/2010,27.4,1
6,9/6/2010,24.9,1
7,9/7/2010,27.1,1
8,9/8/2010,28.2,1
9,9/9/2010,24.6,1
10,9/10/2010,24.4,1
11,9/11/2010,27.7,0
12,9/12/2010,28.7,1
13,9/13/2010,29.6,0
14,9/14/2010,28.2,1
15,9/15/2010,28.5,1
16,9/16/2010,25.8,1
17,9/17/2010,29,1
18,9/18/2010,29.6,0
19,9/19/2010,25.5,1
20,9/20/2010,26.1,0
21,9/21/2010,28,0
22,9/22/2010,28.6,1
23,9/23/2010,29.9,0
24,9/24/2010,27.4,1
25,9/25/2010,26.8,1
26,9/26/2010,25.3,1
27,9/27/2010,26.2,1
28,9/28/2010,24.7,1
29,9/29/2010,27.3,0
30,9/30/2010,28.4,0
31,10/1/2010,27.2,0
32,10/2/2010,29,0
33,10/3/2010,29.6,0
34,10/4/2010,28.7,0
35,10/5/2010,28.8,0
36,10/6/2010,26.6,0
37,10/7/2010,27.1,0
38,10/8/2010,24.2,1
39,10/9/2010,23.6,1
40,10/10/2010,25.7,0
41,10/11/2010,25.9,0
42,10/12/2010,26,0
43,10/13/2010,25.7,0
44,10/14/2010,27.3,1
45,10/15/2010,26.8,1
46,10/16/2010,25.7,0
47,10/17/2010,24.6,1
48,10/18/2010,25.1,0
49,10/19/2010,27.3,0
50,10/20/2010,27.9,0
51,10/21/2010,25.2,1
52,10/22/2010,24.6,0
53,10/23/2010,25.7,1
54,10/24/2010,26.6,0
55,10/25/2010,25.2,1
56,10/26/2010,26.1,0
57,10/27/2010,26.2,0
58,10/28/2010,24,1
59,10/29/2010,25.1,0
60,10/30/2010,25.1,0
61,10/31/2010,24.5,0
62,11/1/2010,22.4,1
63,11/2/2010,23,1
64,11/3/2010,23.8,0
65,11/4/2010,23.8,0
66,11/5/2010,23.9,0
67,11/6/2010,23.4,0
68,11/7/2010,23.4,0
69,11/8/2010,22.9,0
70,11/9/2010,22.6,0
71,11/10/2010,22.1,0
72,11/11/2010,23.4,0
73,11/12/2010,23.3,0
74,11/13/2010,22.6,0
75,11/14/2010,20.6,1
76,11/15/2010,21.9,0
77,11/16/2010,22.4,0
78,11/17/2010,22.3,0
79,11/18/2010,22.4,0
80,11/19/2010,21.1,1
81,11/20/2010,19.3,1
82,11/21/2010,18.8,1
83,11/22/2010,18.8,0
84,11/23/2010,19.8,0
85,11/24/2010,19.8,0
86,11/25/2010,20.5,0
87,11/26/2010,22.1,0
88,11/27/2010,22.7,0
89,11/28/2010,22.5,0
90,11/29/2010,20.4,1
91,11/30/2010,18,1
92,12/1/2010,18.6,0
93,12/2/2010,18.7,0
94,12/3/2010,18.6,0
95,12/4/2010,18,0
96,12/5/2010,17.7,0
97,12/6/2010,17.5,0
98,12/7/2010,18.1,0
99,12/8/2010,19.8,0
100,12/9/2010,17.2,1
101,12/10/2010,19.3,0
102,12/11/2010,19.9,0
103,12/12/2010,17.8,1
104,12/13/2010,16.8,0
105,12/14/2010,17.4,0
106,12/15/2010,17.8,0
107,12/16/2010,17.4,0
108,12/17/2010,18.2,0
109,12/18/2010,17.2,0
110,12/19/2010,17,0
111,12/20/2010,17.1,0
112,12/21/2010,16.1,0
113,12/22/2010,15.7,0
114,12/23/2010,16.9,0
115,12/24/2010,16.9,0
116,12/25/2010,16.7,0
117,12/26/2010,16.2,0
118,12/27/2010,15.8,0
119,12/28/2010,15.8,0
120,12/29/2010,16,0
121,12/30/2010,16.2,0
122,12/31/2010,16.6,0
123,1/1/2011,20.3,0
124,1/2/2011,20.3,0
125,1/3/2011,19.7,0
126,1/4/2011,18.2,1
127,1/5/2011,20.4,0
128,1/6/2011,21.8,0
129,1/7/2011,21.2,0
130,1/8/2011,21.2,0
131,1/9/2011,22,0
132,1/10/2011,17.8,1
133,1/11/2011,15.6,1
134,1/12/2011,16.7,0
135,1/13/2011,16.5,0
136,1/14/2011,17.6,0
137,1/15/2011,18.5,0
138,1/16/2011,17.1,0
139,1/17/2011,17.3,0
140,1/18/2011,17.5,0
141,1/19/2011,16.9,0
142,1/20/2011,16.4,0
143,1/21/2011,16.2,0
144,1/22/2011,16.1,0
145,1/23/2011,15.8,0
146,1/24/2011,16.4,0
147,1/25/2011,17.7,0
148,1/26/2011,18.1,0
149,1/27/2011,18.8,0
150,1/28/2011,18.9,0
151,1/29/2011,19.1,0
152,1/30/2011,18.1,0
153,1/31/2011,17.9,0
154,2/1/2011,16.7,0
155,2/2/2011,17.3,0
156,2/3/2011,17.8,0
157,2/4/2011,18,0
158,2/5/2011,18.4,0
159,2/6/2011,18.5,0
160,2/7/2011,18.8,0
161,2/8/2011,17.5,1
162,2/9/2011,18,0
163,2/10/2011,17.1,0
164,2/11/2011,18.6,0
165,2/12/2011,18.8,0
166,2/13/2011,20.1,0
167,2/14/2011,20.6,0
168,2/15/2011,18.9,1
169,2/16/2011,18.5,1
170,2/17/2011,17.8,1
171,2/18/2011,17.9,0
172,2/19/2011,18.7,0
173,2/20/2011,18.5,0
174,2/21/2011,20,0
175,2/22/2011,19.7,0
176,2/23/2011,21.2,0
177,2/24/2011,20.6,0
178,2/25/2011,21.2,0
179,2/26/2011,21.7,0
180,2/27/2011,22.1,0
181,2/28/2011,20.9,0
182,3/1/2011,21.3,0
183,3/2/2011,21.7,0
184,3/3/2011,22.2,0
185,3/4/2011,21.2,1
186,3/5/2011,20.7,0
187,3/6/2011,19.8,1
188,3/7/2011,22.1,0
189,3/8/2011,23.3,0
190,3/9/2011,21.9,1
191,3/10/2011,21.9,0
192,3/11/2011,23.6,0
193,3/12/2011,21.1,1
194,3/13/2011,21.3,0
195,3/14/2011,21,1
196,3/15/2011,22.8,0
197,3/16/2011,23,0
198,3/17/2011,23.3,0
199,3/18/2011,17.7,1
200,3/19/2011,16.2,1
201,3/20/2011,18.3,1
202,3/21/2011,20.8,1
203,3/22/2011,22.5,1
204,3/23/2011,21.7,1
205,3/24/2011,21.8,1
206,3/25/2011,21,1
207,3/26/2011,20,1
208,3/27/2011,23.6,0
209,3/28/2011,23.2,0
210,3/29/2011,20.6,1
211,3/30/2011,22.9,1
212,3/31/2011,20.1,1
213,4/1/2011,20.6,1
214,4/2/2011,20.2,1
215,4/3/2011,22.4,0
216,4/4/2011,22.2,1
217,4/5/2011,23.7,0
218,4/6/2011,24,1
219,4/7/2011,22,1
220,4/8/2011,20.9,1
221,4/9/2011,23.4,0
222,4/10/2011,23.6,0
223,4/11/2011,26.2,0
224,4/12/2011,26.2,0
225,4/13/2011,26.4,1
226,4/14/2011,24.4,1
227,4/15/2011,23.9,0
228,4/16/2011,22.9,1
229,4/17/2011,26.3,0
230,4/18/2011,27.8,0
231,4/19/2011,21.2,1
232,4/20/2011,22.9,1
233,4/21/2011,22.3,1
234,4/22/2011,22.7,1
235,4/23/2011,23.7,1
236,4/24/2011,25,0
237,4/25/2011,23.6,0
238,4/26/2011,25.6,0
239,4/27/2011,26.1,1
240,4/28/2011,23.6,1
241,4/29/2011,27.2,0
242,4/30/2011,28.3,0
243,5/1/2011,24.7,1
244,5/2/2011,23.2,1
245,5/3/2011,21.1,1
246,5/4/2011,24,1
247,5/5/2011,26.8,0
248,5/6/2011,28.6,0
249,5/7/2011,28.3,0
250,5/8/2011,26.7,1
251,5/9/2011,28.4,1
252,5/10/2011,27.8,0
253,5/11/2011,27.6,0
254,5/12/2011,27.6,0
255,5/13/2011,27.5,0
256,5/14/2011,27.6,1
257,5/15/2011,27.5,0
258,5/16/2011,28.6,0
259,5/17/2011,30.4,0
260,5/18/2011,29.5,0
261,5/19/2011,28.3,1
262,5/20/2011,25.9,1
263,5/21/2011,26.2,1
264,5/22/2011,26.3,1
265,5/23/2011,24.4,1
266,5/24/2011,25.5,0
267,5/25/2011,28,0
268,5/26/2011,30,0
269,5/27/2011,31.1,0
270,5/28/2011,28.7,1
271,5/29/2011,28.7,1
272,5/30/2011,26.5,1
273,5/31/2011,26.4,1
274,6/1/2011,26.5,1
275,6/2/2011,27.9,1
276,6/3/2011,25.2,1
277,6/4/2011,25.2,1
278,6/5/2011,26.7,1
279,6/6/2011,28.1,0
280,6/7/2011,29.5,1
281,6/8/2011,26.1,1
282,6/9/2011,NA,0
283,6/10/2011,NA,0
284,6/11/2011,NA,0
285,6/12/2011,NA,0
286,6/13/2011,NA,0
287,6/14/2011,31.4,0
288,6/15/2011,30,1
289,6/16/2011,30.7,1
290,6/17/2011,28.4,1
291,6/18/2011,31.7,0
292,6/19/2011,28.4,1
293,6/20/2011,30.5,0
294,6/21/2011,29.1,1
295,6/22/2011,28.1,1
296,6/23/2011,27.6,1
297,6/24/2011,30.2,0
298,6/25/2011,30.4,1
299,6/26/2011,31.9,0
300,6/27/2011,28.2,1
301,6/28/2011,29.8,1
302,6/29/2011,27.7,1
303,6/30/2011,27.8,1
304,7/1/2011,28.2,1
305,7/2/2011,26.2,1
306,7/3/2011,27.1,1
307,7/4/2011,27.6,1
308,7/5/2011,27.5,1
309,7/6/2011,27.1,1
310,7/7/2011,27.8,1
311,7/8/2011,28.3,1
312,7/9/2011,28.1,0
313,7/10/2011,29.5,0
314,7/11/2011,30.7,0
315,7/12/2011,30.2,1
316,7/13/2011,26.4,1
317,7/14/2011,25.9,1
318,7/15/2011,24.7,1
319,7/16/2011,26.9,1
320,7/17/2011,27.9,1
321,7/18/2011,25.2,1
322,7/19/2011,26.9,1
323,7/20/2011,30.9,1
324,7/21/2011,31.6,1
325,7/22/2011,27.3,1
326,7/23/2011,27.4,1
327,7/24/2011,30.8,0
328,7/25/2011,28.8,1
329,7/26/2011,29.1,1
330,7/27/2011,28.4,1
331,7/28/2011,28.7,0
332,7/29/2011,26.9,1
333,7/30/2011,26.8,1
334,7/31/2011,28.8,1
335,8/1/2011,30.2,1
336,8/2/2011,31.2,0
337,8/3/2011,31,0
338,8/4/2011,27.1,1
339,8/5/2011,26.6,1
340,8/6/2011,27.9,1
341,8/7/2011,27.7,1
342,8/8/2011,29,0
343,8/9/2011,28.2,1
344,8/10/2011,29.7,1
345,8/11/2011,30.3,0
346,8/12/2011,31.7,0
347,8/13/2011,26.8,1
348,8/14/2011,25.8,1
349,8/15/2011,24.9,1
350,8/16/2011,25,1
351,8/17/2011,28.2,1
352,8/18/2011,26.7,1
353,8/19/2011,28.6,0
354,8/20/2011,30.7,1
355,8/21/2011,29.2,0
356,8/22/2011,27.7,1
357,8/23/2011,29.2,0
358,8/24/2011,25.9,1
359,8/25/2011,28.8,0
360,8/26/2011,29.7,0
361,8/27/2011,31,0
362,8/28/2011,30.6,0
363,8/29/2011,32.1,0
364,8/30/2011,31.9,0
365,8/31/2011,30.6,0
366,9/1/2011,28.6,1
367,9/2/2011,30.2,0
368,9/3/2011,30.3,0
369,9/4/2011,31.8,0
370,9/5/2011,29.3,1
371,9/6/2011,27.8,1
372,9/7/2011,28,1
373,9/8/2011,27.3,1
374,9/9/2011,30.3,0
375,9/10/2011,27.7,1
376,9/11/2011,30.1,0
377,9/12/2011,30.8,0
378,9/13/2011,30.7,0
379,9/14/2011,29.8,1
380,9/15/2011,27.8,1
381,9/16/2011,28.1,1
382,9/17/2011,27.9,1
383,9/18/2011,27.9,1
384,9/19/2011,30.9,0
385,9/20/2011,30.2,0
386,9/21/2011,27.6,1
387,9/22/2011,27.9,1
388,9/23/2011,28.5,1
389,9/24/2011,25.6,1
390,9/25/2011,25.7,1
391,9/26/2011,27.2,1
392,9/27/2011,27.3,0
393,9/28/2011,28.4,0
394,9/29/2011,29.4,0
395,9/30/2011,30.7,0
396,10/1/2011,27.2,1
397,10/2/2011,28.2,0
398,10/3/2011,27.6,0
399,10/4/2011,28.7,0
400,10/5/2011,28.8,0
401,10/6/2011,28.8,0
402,10/7/2011,28.9,0
403,10/8/2011,28.2,0
404,10/9/2011,28.8,0
405,10/10/2011,28.6,0
406,10/11/2011,28.5,0
407,10/12/2011,28.4,0
408,10/13/2011,28.4,0
409,10/14/2011,28.3,0
410,10/15/2011,26.2,1
411,10/16/2011,25.1,0
412,10/17/2011,26.2,0
413,10/18/2011,26.7,1
414,10/19/2011,27.4,0
415,10/20/2011,26.5,0
416,10/21/2011,27.8,0
417,10/22/2011,24.7,1
418,10/23/2011,24.6,0
419,10/24/2011,25.1,0
420,10/25/2011,25.1,0
421,10/26/2011,24.9,0
422,10/27/2011,23.6,0
423,10/28/2011,23.8,0
424,10/29/2011,23.6,0
425,10/30/2011,23.8,0
426,10/31/2011,24.2,0
427,11/1/2011,21.7,0
428,11/2/2011,20.9,0
429,11/3/2011,21.5,0
430,11/4/2011,21.5,0
431,11/5/2011,22.4,0
432,11/6/2011,23.4,0
433,11/7/2011,21.2,0
434,11/8/2011,21.7,0
435,11/9/2011,21.7,0
436,11/10/2011,20.8,0
437,11/11/2011,19.6,0
438,11/12/2011,21.4,0
439,11/13/2011,19.2,0
440,11/14/2011,20.2,0
441,11/15/2011,21,0
442,11/16/2011,19.2,1
443,11/17/2011,18.3,0
444,11/18/2011,18.9,0
445,11/19/2011,19,0
446,11/20/2011,20.3,0
447,11/21/2011,20.4,0
448,11/22/2011,20.7,0
449,11/23/2011,20.6,0
450,11/24/2011,20.4,0
451,11/25/2011,20.7,0
452,11/26/2011,20.4,0
453,11/27/2011,20.1,0
454,11/28/2011,20.8,0
455,11/29/2011,22,0
456,11/30/2011,20.3,0
457,12/1/2011,20.3,0
458,12/2/2011,20.3,0
459,12/3/2011,19.7,0
460,12/4/2011,18.2,1
461,12/5/2011,20.4,0
462,12/6/2011,21.8,0
463,12/7/2011,21.2,0
464,12/8/2011,21.2,0
465,12/9/2011,22,0
466,12/10/2011,17.8,1
467,12/11/2011,15.6,1
468,12/12/2011,16.7,0
469,12/13/2011,16.5,0
470,12/14/2011,17.6,0
471,12/15/2011,18.5,0
472,12/16/2011,17.1,0
473,12/17/2011,17.3,0
474,12/18/2011,17.5,0
475,12/19/2011,16.9,0
476,12/20/2011,16.4,0
477,12/21/2011,16.2,0
478,12/22/2011,16.1,0
479,12/23/2011,15.8,0
480,12/24/2011,16.4,0
481,12/25/2011,17.7,0
482,12/26/2011,18.1,0
483,12/27/2011,18.8,0
484,12/28/2011,18.9,0
485,12/29/2011,19.1,0
486,12/30/2011,18.1,0
487,12/31/2011,17.9,0
488,1/1/2012,17.4,0
489,1/2/2012,17.2,1
490,1/3/2012,17.2,0
491,1/4/2012,16.2,1
492,1/5/2012,16.5,1
493,1/6/2012,16.7,0
494,1/7/2012,16,0
495,1/8/2012,15.9,0
496,1/9/2012,16.8,1
497,1/10/2012,17.5,0
498,1/11/2012,15.8,1
499,1/12/2012,16.1,0
500,1/13/2012,15,0
501,1/14/2012,14.4,0
502,1/15/2012,14.1,0
503,1/16/2012,15.9,0
504,1/17/2012,14,1
505,1/18/2012,14.2,1
506,1/19/2012,16.2,1
507,1/20/2012,14.9,1
508,1/21/2012,16.1,0
509,1/22/2012,15.2,1
510,1/23/2012,16,0
511,1/24/2012,17,0
512,1/25/2012,16.5,0
513,1/26/2012,17,0
514,1/27/2012,16.9,0
515,1/28/2012,16.1,0
516,1/29/2012,16.2,0
517,1/30/2012,16.7,0
518,1/31/2012,16.6,0
519,2/1/2012,16.5,0
520,2/2/2012,16.3,0
521,2/3/2012,16.9,0
522,2/4/2012,17.2,0
523,2/5/2012,17.9,0
524,2/6/2012,17.2,0
525,2/7/2012,17.7,0
526,2/8/2012,18.8,0
527,2/9/2012,18.8,0
528,2/10/2012,18.8,0
529,2/11/2012,17.5,0
530,2/12/2012,18.2,0
531,2/13/2012,19.4,0
532,2/14/2012,19.2,0
533,2/15/2012,18.5,0
534,2/16/2012,18.5,0
535,2/17/2012,20,0
536,2/18/2012,19.8,0
537,2/19/2012,18.4,0
538,2/20/2012,19.6,0
539,2/21/2012,20.6,0
540,2/22/2012,21.1,0
541,2/23/2012,22.1,0
542,2/24/2012,22.1,1
543,2/25/2012,19.8,0
544,2/26/2012,20.5,0
545,2/27/2012,21,0
546,2/28/2012,19.5,0
547,2/29/2012,19.9,0
548,3/1/2012,18.3,1
549,3/2/2012,19.7,1
550,3/3/2012,18.3,1
551,3/4/2012,15.6,1
552,3/5/2012,17.1,0
553,3/6/2012,17.3,0
554,3/7/2012,20.2,0
555,3/8/2012,20.7,0
556,3/9/2012,22.4,0
557,3/10/2012,21,0
558,3/11/2012,22.4,0
559,3/12/2012,22.8,0
560,3/13/2012,22.1,1
561,3/14/2012,20.7,1
562,3/15/2012,21.4,0
563,3/16/2012,20.2,0
564,3/17/2012,20.8,0
565,3/18/2012,21.9,0
566,3/19/2012,23.2,0
567,3/20/2012,24.3,0
568,3/21/2012,23.1,1
569,3/22/2012,20.1,1
570,3/23/2012,22.3,0
571,3/24/2012,24.7,0
572,3/25/2012,25.4,0
573,3/26/2012,25.6,0
574,3/27/2012,18.7,1
575,3/28/2012,20.4,1
576,3/29/2012,21,1
577,3/30/2012,20.8,1
578,3/31/2012,24.2,0
579,4/1/2012,25.2,0
580,4/2/2012,26.2,0
581,4/3/2012,26.1,0
582,4/4/2012,22.8,1
583,4/5/2012,20.9,1
584,4/6/2012,20.6,1
585,4/7/2012,21.7,1
586,4/8/2012,19.3,1
587,4/9/2012,19.4,1
588,4/10/2012,23.3,0
589,4/11/2012,22.4,1
590,4/12/2012,21.4,1
591,4/13/2012,21.9,1
592,4/14/2012,20.2,1
593,4/15/2012,21.7,1
594,4/16/2012,24.7,1
595,4/17/2012,21.1,1
596,4/18/2012,18.8,1
597,4/19/2012,21.2,1
598,4/20/2012,25.2,0
599,4/21/2012,27.4,0
600,4/22/2012,21.7,1
601,4/23/2012,24.5,1
602,4/24/2012,21.1,1
603,4/25/2012,20.9,1
604,4/26/2012,22.2,1
605,4/27/2012,20.2,1
606,4/28/2012,21.3,1
607,4/29/2012,21.8,1
608,4/30/2012,21.5,1
609,5/1/2012,22.2,1
610,5/2/2012,23.6,1
611,5/3/2012,24.1,0
612,5/4/2012,23.1,1
613,5/5/2012,26.1,0
614,5/6/2012,27.8,0
615,5/7/2012,28.3,0
616,5/8/2012,28.2,0
617,5/9/2012,29,0
618,5/10/2012,29.4,0
619,5/11/2012,29.6,0
620,5/12/2012,26.7,1
621,5/13/2012,22.8,1
622,5/14/2012,23.7,1
623,5/15/2012,22.9,1
624,5/16/2012,24.9,1
625,5/17/2012,23.1,1
626,5/18/2012,26.6,0
627,5/19/2012,29.2,0
628,5/20/2012,29.6,0
629,5/21/2012,29.6,0
630,5/22/2012,29.6,0
631,5/23/2012,23.8,1
632,5/24/2012,23.1,1
633,5/25/2012,27.7,0
634,5/26/2012,30.1,0
635,5/27/2012,31.2,0
636,5/28/2012,30.3,1
637,5/29/2012,31.9,0
638,5/30/2012,28.8,1
639,5/31/2012,30.5,0
640,6/1/2012,30.3,1
641,6/2/2012,26.7,1
642,6/3/2012,25.1,1
643,6/4/2012,25.1,1
644,6/5/2012,24.3,1
645,6/6/2012,24.5,1
646,6/7/2012,27.6,0
647,6/8/2012,29.8,0
648,6/9/2012,30.8,0
649,6/10/2012,28.2,1
650,6/11/2012,27.8,1
651,6/12/2012,27.7,1
652,6/13/2012,24.7,1
653,6/14/2012,24.9,1
654,6/15/2012,25.6,1
655,6/16/2012,28.6,1
656,6/17/2012,29.6,1
657,6/18/2012,30.6,0
658,6/19/2012,29.2,0
659,6/20/2012,29.2,1
660,6/21/2012,26.1,1
661,6/22/2012,26.7,1
662,6/23/2012,25.3,1
663,6/24/2012,24.9,1
664,6/25/2012,25,1
665,6/26/2012,24.7,1
666,6/27/2012,24.4,1
667,6/28/2012,24.8,1
668,6/29/2012,30.3,0
669,6/30/2012,32.6,0
670,7/1/2012,29.3,1
671,7/2/2012,30.3,1
672,7/3/2012,27.3,1
673,7/4/2012,26,1
674,7/5/2012,27.7,1
675,7/6/2012,29.4,0
676,7/7/2012,29.6,0
677,7/8/2012,28.8,1
678,7/9/2012,26.6,1
679,7/10/2012,27,1
680,7/11/2012,26.4,1
681,7/12/2012,25.8,1
682,7/13/2012,27.4,1
683,7/14/2012,27.7,1
684,7/15/2012,27.1,1
685,7/16/2012,26.4,1
686,7/17/2012,26.8,1
687,7/18/2012,27.1,1
688,7/19/2012,29.1,0
689,7/20/2012,31,1
690,7/21/2012,29.2,0
691,7/22/2012,26.4,1
692,7/23/2012,26,1
693,7/24/2012,25.9,1
694,7/25/2012,29.2,0
695,7/26/2012,29.8,1
696,7/27/2012,28.2,1
697,7/28/2012,28.9,1
698,7/29/2012,26.8,1
699,7/30/2012,30.3,0
700,7/31/2012,28.7,1
701,8/1/2012,26.4,1
702,8/2/2012,27.3,1
703,8/3/2012,30.4,0
704,8/4/2012,31.6,1
705,8/5/2012,29.9,1
706,8/6/2012,27.3,1
707,8/7/2012,26.9,1
708,8/8/2012,29.9,1
709,8/9/2012,32.4,1
710,8/10/2012,28.9,1
711,8/11/2012,31.8,0
712,8/12/2012,27.9,0
713,8/13/2012,30.5,1
714,8/14/2012,28.1,1
715,8/15/2012,30.8,0
716,8/16/2012,29.7,0
717,8/17/2012,31.7,1
718,8/18/2012,32,0
719,8/19/2012,28.6,1
720,8/20/2012,26.6,1
721,8/21/2012,25.9,1
722,8/22/2012,26.6,1
723,8/23/2012,27.2,1
724,8/24/2012,27.1,1
725,8/25/2012,30.2,0
726,8/26/2012,28,0
727,8/27/2012,29.8,0
728,8/28/2012,28.6,1
729,8/29/2012,29.4,1
730,8/30/2012,28,1
731,8/31/2012,26.2,1
732,9/1/2012,24.6,1
733,9/2/2012,28.1,0
734,9/3/2012,23.6,1
735,9/4/2012,27.5,0
736,9/5/2012,29.4,0
737,9/6/2012,30.1,0
738,9/7/2012,30.5,0
739,9/8/2012,31.6,0
740,9/9/2012,30.4,0
741,9/10/2012,26.3,1
742,9/11/2012,28.3,1
743,9/12/2012,23.6,1
744,9/13/2012,24.6,1
745,9/14/2012,23.8,1
746,9/15/2012,23.1,1
747,9/16/2012,23.4,1
748,9/17/2012,26.1,1
749,9/18/2012,24.8,1
750,9/19/2012,23.5,1
751,9/20/2012,25,1
752,9/21/2012,22.4,1
753,9/22/2012,23.6,1
754,9/23/2012,23.3,1
755,9/24/2012,23,1
756,9/25/2012,25.9,0
757,9/26/2012,28.2,0
758,9/27/2012,28.5,0
759,9/28/2012,28.4,0
760,9/29/2012,29.2,0
761,9/30/2012,25.7,1
762,10/1/2012,24.6,1
763,10/2/2012,23.8,1
764,10/3/2012,25.1,1
765,10/4/2012,24,1
766,10/5/2012,24.5,1
767,10/6/2012,26.5,0
768,10/7/2012,27.7,0
769,10/8/2012,28.3,0
770,10/9/2012,25.2,1
771,10/10/2012,26.9,1
772,10/11/2012,22.9,1
773,10/12/2012,24.5,0
774,10/13/2012,24.7,0
775,10/14/2012,25.3,0
776,10/15/2012,25.2,0
777,10/16/2012,25.3,0
778,10/17/2012,24.7,0
779,10/18/2012,24.6,0
780,10/19/2012,26.1,0
781,10/20/2012,24.8,0
782,10/21/2012,24.5,0
783,10/22/2012,24.7,0
784,10/23/2012,24.4,0
785,10/24/2012,24.4,0
786,10/25/2012,22.3,1
787,10/26/2012,23.4,0
788,10/27/2012,24.6,0
789,10/28/2012,23.8,0
790,10/29/2012,23.8,0
791,10/30/2012,23.6,0
792,10/31/2012,23.7,0
793,11/1/2012,22.4,0
794,11/2/2012,22.1,0
795,11/3/2012,22.2,0
796,11/4/2012,23.1,0
797,11/5/2012,22.2,0
798,11/6/2012,21.7,0
799,11/7/2012,22.1,0
800,11/8/2012,19,1
801,11/9/2012,21.1,0
802,11/10/2012,21.3,0
803,11/11/2012,20.9,0
804,11/12/2012,20.2,0
805,11/13/2012,21.1,0
806,11/14/2012,21.1,0
807,11/15/2012,20.9,0
808,11/16/2012,20.5,0
809,11/17/2012,20.6,0
810,11/18/2012,20.2,0
811,11/19/2012,21.3,0
812,11/20/2012,21.1,0
813,11/21/2012,21.3,0
814,11/22/2012,21,0
815,11/23/2012,20.8,0
816,11/24/2012,21.2,0
817,11/25/2012,20.5,1
818,11/26/2012,19.8,0
819,11/27/2012,19.2,0
820,11/28/2012,19.4,0
821,11/29/2012,19.1,0
822,11/30/2012,18.9,0
823,12/1/2012,19,0
824,12/2/2012,19.2,0
825,12/3/2012,19.2,0
826,12/4/2012,19.3,0
827,12/5/2012,20.8,0
828,12/6/2012,19.7,0
829,12/7/2012,20.2,0
830,12/8/2012,20.6,0
831,12/9/2012,19.9,1
832,12/10/2012,19.7,0
833,12/11/2012,18.5,0
834,12/12/2012,18.2,1
835,12/13/2012,15.3,1
836,12/14/2012,17.1,0
837,12/15/2012,16.1,0
838,12/16/2012,16.7,0
839,12/17/2012,16.4,0
840,12/18/2012,17.7,0
841,12/19/2012,18.2,1
842,12/20/2012,16.6,1
843,12/21/2012,16.6,0
844,12/22/2012,16.3,0
845,12/23/2012,16.7,0
846,12/24/2012,15.4,0
847,12/25/2012,15.9,0
848,12/26/2012,15.6,0
849,12/27/2012,15.8,0
850,12/28/2012,14.9,0
851,12/29/2012,15.3,0
852,12/30/2012,15.7,0
853,12/31/2012,16.4,0
854,1/1/2013,16.6,0
855,1/2/2013,16.6,0
856,1/3/2013,17.5,0
857,1/4/2013,16.1,1
858,1/5/2013,15.4,0
859,1/6/2013,15.4,0
860,1/7/2013,16.7,1
861,1/8/2013,14,1
862,1/9/2013,13.8,0
863,1/10/2013,14.1,0
864,1/11/2013,13.2,0
865,1/12/2013,14.4,0
866,1/13/2013,14.1,0
867,1/14/2013,15.4,0
868,1/15/2013,16.1,0
869,1/16/2013,16.2,0
870,1/17/2013,17.2,0
871,1/18/2013,17.1,0
872,1/19/2013,18.1,0
873,1/20/2013,18.7,0
874,1/21/2013,17.3,0
875,1/22/2013,16.7,0
876,1/23/2013,16.2,0
877,1/24/2013,16.2,0
878,1/25/2013,16.5,0
879,1/26/2013,15.7,0
880,1/27/2013,15.8,0
881,1/28/2013,16.8,0
882,1/29/2013,17.6,0
883,1/30/2013,17.3,0
884,1/31/2013,17.5,0
885,2/1/2013,19.2,0
886,2/2/2013,18.7,0
887,2/3/2013,18.4,0
888,2/4/2013,18.8,0
889,2/5/2013,18.9,0
890,2/6/2013,19,0
891,2/7/2013,19.6,0
892,2/8/2013,20,1
893,2/9/2013,21.2,0
894,2/10/2013,20.1,0
895,2/11/2013,20.3,0
896,2/12/2013,19.9,0
897,2/13/2013,20.5,1
898,2/14/2013,20.7,0
899,2/15/2013,21,0
900,2/16/2013,22.2,1
901,2/17/2013,18.8,1
902,2/18/2013,18.9,0
903,2/19/2013,19.8,0
904,2/20/2013,20.3,0
905,2/21/2013,20.8,0
906,2/22/2013,21.7,0
907,2/23/2013,22.6,0
908,2/24/2013,22.1,0
909,2/25/2013,23.5,0
910,2/26/2013,22.2,0
911,2/27/2013,23.3,0
912,2/28/2013,23.3,0
913,3/1/2013,23.2,0
914,3/2/2013,23.9,0
915,3/3/2013,24.4,0
916,3/4/2013,24.3,0
917,3/5/2013,25.4,0
918,3/6/2013,24.2,0
919,3/7/2013,22.8,0
920,3/8/2013,23.9,0
921,3/9/2013,23.3,0
922,3/10/2013,23.8,0
923,3/11/2013,22,1
924,3/12/2013,21.4,0
925,3/13/2013,24.3,0
926,3/14/2013,24.6,0
927,3/15/2013,25.6,0
928,3/16/2013,23.8,1
929,3/17/2013,25.1,1
930,3/18/2013,20.8,1
931,3/19/2013,19.5,1
932,3/20/2013,22.3,0
933,3/21/2013,23.5,1
934,3/22/2013,17.9,1
935,3/23/2013,21.9,0
936,3/24/2013,23.7,0
937,3/25/2013,21.2,1
938,3/26/2013,21.4,1
939,3/27/2013,22.8,0
940,3/28/2013,25.3,0
941,3/29/2013,22.3,1
942,3/30/2013,18.8,1
943,3/31/2013,20.6,1
944,4/1/2013,22.6,1
945,4/2/2013,22.1,0
946,4/3/2013,20.7,1
947,4/4/2013,19.6,1
948,4/5/2013,23.2,1
949,4/6/2013,21.8,0
950,4/7/2013,22.3,0
951,4/8/2013,21.9,0
952,4/9/2013,23.1,1
953,4/10/2013,21.3,1
954,4/11/2013,20.7,1
955,4/12/2013,22.5,1
956,4/13/2013,22.7,1
957,4/14/2013,22.5,1
958,4/15/2013,20.5,1
959,4/16/2013,20.9,1
960,4/17/2013,22.4,1
961,4/18/2013,23.3,1
962,4/19/2013,20.6,1
963,4/20/2013,22.8,1
964,4/21/2013,23.6,0
965,4/22/2013,22.7,1
966,4/23/2013,24.9,0
967,4/24/2013,26.6,0
968,4/25/2013,28.1,0
969,4/26/2013,28.3,0
970,4/27/2013,26.1,1
971,4/28/2013,27.1,1
972,4/29/2013,26.5,1
973,4/30/2013,27.1,1
974,5/1/2013,24.2,1
975,5/2/2013,21.2,1
976,5/3/2013,23.5,1
977,5/4/2013,20.8,1
978,5/5/2013,20.7,1
979,5/6/2013,24.4,1
980,5/7/2013,24.4,1
981,5/8/2013,24.8,1
982,5/9/2013,25.8,0
983,5/10/2013,26.7,0
984,5/11/2013,26.2,1
985,5/12/2013,22.4,1
986,5/13/2013,23.2,1
987,5/14/2013,22.5,1
988,5/15/2013,25.1,1
989,5/16/2013,25.2,1
990,5/17/2013,25.1,1
991,5/18/2013,22.6,1
992,5/19/2013,23.2,0
993,5/20/2013,27.3,0
994,5/21/2013,29.1,0
995,5/22/2013,28.7,1
996,5/23/2013,27.2,1
997,5/24/2013,26,1
998,5/25/2013,28.8,0
999,5/26/2013,30.7,0
1000,5/27/2013,29.5,1
1001,5/28/2013,28.8,1
1002,5/29/2013,29.1,0
1003,5/30/2013,29.4,1
1004,5/31/2013,27.1,1
1005,6/1/2013,26.9,1
1006,6/2/2013,28.9,0
1007,6/3/2013,29.8,1
1008,6/4/2013,27.9,1
1009,6/5/2013,30.2,0
1010,6/6/2013,28.8,1
1011,6/7/2013,29.4,1
1012,6/8/2013,26.8,1
1013,6/9/2013,27.9,1
1014,6/10/2013,30.3,1
1015,6/11/2013,32.3,0
1016,6/12/2013,32,0
1017,6/13/2013,31.3,0
1018,6/14/2013,31.7,0
1019,6/15/2013,30.8,1
1020,6/16/2013,27.5,1
1021,6/17/2013,28.7,1
1022,6/18/2013,26.2,1
1023,6/19/2013,29.8,1
1024,6/20/2013,29.9,0
1025,6/21/2013,29.8,0
1026,6/22/2013,30.3,1
1027,6/23/2013,28,1
1028,6/24/2013,30,1
1029,6/25/2013,26.5,1
1030,6/26/2013,26.7,1
1031,6/27/2013,25.4,1
1032,6/28/2013,27,1
1033,6/29/2013,28.7,1
1034,6/30/2013,30.4,0
1035,7/1/2013,27.3,1
1036,7/2/2013,26.9,1
1037,7/3/2013,30.6,0
1038,7/4/2013,27.7,1
1039,7/5/2013,27,1
1040,7/6/2013,26.9,1
1041,7/7/2013,27.5,1
1042,7/8/2013,27.1,1
1043,7/9/2013,26.2,1
1044,7/10/2013,26.4,1
1045,7/11/2013,28.3,1
1046,7/12/2013,27.7,1
1047,7/13/2013,28.5,1
1048,7/14/2013,28.9,1
1049,7/15/2013,29.6,1
1050,7/16/2013,29.7,1
1051,7/17/2013,28.2,1
1052,7/18/2013,27.6,1
1053,7/19/2013,26.7,1
1054,7/20/2013,27.8,1
1055,7/21/2013,27.9,1
1056,7/22/2013,30.1,0
1057,7/23/2013,28.3,1
1058,7/24/2013,30,1
1059,7/25/2013,28.6,1
1060,7/26/2013,28.7,1
1061,7/27/2013,28.3,1
1062,7/28/2013,30.4,0
1063,7/29/2013,31.5,0
1064,7/30/2013,32.3,1
1065,7/31/2013,26.4,1
1066,8/1/2013,29.3,0
1067,8/2/2013,29.9,0
1068,8/3/2013,31,1
1069,8/4/2013,31.7,0
1070,8/5/2013,25,1
1071,8/6/2013,25.7,1
1072,8/7/2013,25.8,1
1073,8/8/2013,25.9,1
1074,8/9/2013,26.5,1
1075,8/10/2013,28.9,1
1076,8/11/2013,28.7,1
1077,8/12/2013,28.7,0
1078,8/13/2013,28.9,0
1079,8/14/2013,29.9,1
1080,8/15/2013,30.4,0
1081,8/16/2013,28.2,1
1082,8/17/2013,27.8,1
1083,8/18/2013,31.1,0
1084,8/19/2013,31.6,0
1085,8/20/2013,30,1
1086,8/21/2013,31,0
1087,8/22/2013,27.4,1
1088,8/23/2013,30.1,0
1089,8/24/2013,30.8,0
1090,8/25/2013,28.7,1
1091,8/26/2013,27.8,1
1092,8/27/2013,29.8,0
1093,8/28/2013,27.3,1
1094,8/29/2013,26.7,1
1095,8/30/2013,27.1,1
1096,8/31/2013,27.9,1
1097,9/1/2013,27.8,1
1098,9/2/2013,26.7,1
1099,9/3/2013,26.4,1
1100,9/4/2013,26.4,1
1101,9/5/2013,26.5,1
1102,9/6/2013,27.7,0
1103,9/7/2013,28,0
1104,9/8/2013,29.2,0
1105,9/9/2013,28.3,0
1106,9/10/2013,28.8,0
1107,9/11/2013,29.6,0
1108,9/12/2013,30.2,0
1109,9/13/2013,30.6,0
1110,9/14/2013,29.6,0
1111,9/15/2013,28.3,0
1112,9/16/2013,29.9,0
1113,9/17/2013,30.1,0
1114,9/18/2013,32.1,0
1115,9/19/2013,32.1,0
1116,9/20/2013,26.5,1
1117,9/21/2013,29.8,0
1118,9/22/2013,29.9,0
1119,9/23/2013,28.9,0
1120,9/24/2013,29.1,0
1121,9/25/2013,29.8,1
1122,9/26/2013,25.9,1
1123,9/27/2013,28.8,0
1124,9/28/2013,30.3,0
1125,9/29/2013,28.2,0
1126,9/30/2013,27.4,1
1127,10/1/2013,27.9,1
1128,10/2/2013,28.1,0
1129,10/3/2013,28.2,1
1130,10/4/2013,26.1,1
1131,10/5/2013,24.3,1
1132,10/6/2013,24.2,1
1133,10/7/2013,21.4,1
1134,10/8/2013,25.3,0
1135,10/9/2013,26.1,0
1136,10/10/2013,26.9,0
1137,10/11/2013,27.2,0
1138,10/12/2013,27.4,0
1139,10/13/2013,26.9,0
1140,10/14/2013,27.3,0
1141,10/15/2013,26.3,1
1142,10/16/2013,25.7,0
1143,10/17/2013,27.6,0
1144,10/18/2013,26.9,0
1145,10/19/2013,25.2,0
1146,10/20/2013,25.1,0
1147,10/21/2013,23.6,1
1148,10/22/2013,23.4,1
1149,10/23/2013,24.4,0
1150,10/24/2013,24.4,0
1151,10/25/2013,25.1,0
1152,10/26/2013,24.9,0
1153,10/27/2013,25.3,1
1154,10/28/2013,21.7,1
1155,10/29/2013,18.3,1
1156,10/30/2013,20.8,1
1157,10/31/2013,20.8,0
1158,11/1/2013,21.7,0
1159,11/2/2013,22.2,0
1160,11/3/2013,21.2,0
1161,11/4/2013,21.6,0
1162,11/5/2013,21.8,0
1163,11/6/2013,22.4,0
1164,11/7/2013,21.8,0
1165,11/8/2013,21.5,0
1166,11/9/2013,21.1,0
1167,11/10/2013,21.2,0
1168,11/11/2013,19.3,0
1169,11/12/2013,20.6,0
1170,11/13/2013,20.3,0
1171,11/14/2013,20.8,0
1172,11/15/2013,19.6,0
1173,11/16/2013,19.7,0
1174,11/17/2013,19.8,0
1175,11/18/2013,19.5,0
1176,11/19/2013,19.8,0
1177,11/20/2013,21.2,0
1178,11/21/2013,21,0
1179,11/22/2013,20.6,0
1180,11/23/2013,18.5,0
1181,11/24/2013,19.8,0
1182,11/25/2013,19.4,0
1183,11/26/2013,21.3,0
1184,11/27/2013,20.6,0
1185,11/28/2013,21.2,0
1186,11/29/2013,21.9,0
1187,11/30/2013,21.7,0
1188,12/1/2013,20.8,0
1189,12/2/2013,20.7,0
1190,12/3/2013,20.8,0
1191,12/4/2013,20.6,0
1192,12/5/2013,20,0
1193,12/6/2013,19.9,0
1194,12/7/2013,18.8,0
1195,12/8/2013,20.1,0
1196,12/9/2013,19.7,0
1197,12/10/2013,20.2,0
1198,12/11/2013,20.4,1
1199,12/12/2013,16.1,1
1200,12/13/2013,17.8,0
1201,12/14/2013,17.2,0
1202,12/15/2013,17.7,0
1203,12/16/2013,15.6,0
1204,12/17/2013,15.2,0
1205,12/18/2013,14.8,0
1206,12/19/2013,15.4,0
1207,12/20/2013,15.6,1
1208,12/21/2013,16.6,0
1209,12/22/2013,15.7,0
1210,12/23/2013,16.4,0
1211,12/24/2013,16.8,0
1212,12/25/2013,16.3,0
1213,12/26/2013,16,0
1214,12/27/2013,15.9,0
1215,12/28/2013,15.3,0
1216,12/29/2013,16,0
1217,12/30/2013,16.4,0
1218,12/31/2013,16.1,0
1219,1/1/2014,15.9,0
1220,1/2/2014,16.2,0
1221,1/3/2014,16.7,0
1222,1/4/2014,16.4,0
1223,1/5/2014,16.3,0
1224,1/6/2014,15.3,0
1225,1/7/2014,14.4,0
1226,1/8/2014,14.3,0
1227,1/9/2014,14.7,0
1228,1/10/2014,15.6,0
1229,1/11/2014,17.7,0
1230,1/12/2014,17.3,0
1231,1/13/2014,16.4,0
1232,1/14/2014,16.5,0
1233,1/15/2014,17.3,0
1234,1/16/2014,17.2,0
1235,1/17/2014,17.8,0
1236,1/18/2014,18,0
1237,1/19/2014,15.8,0
1238,1/20/2014,16.9,0
1239,1/21/2014,18.2,0
1240,1/22/2014,17.7,0
1241,1/23/2014,18.1,0
1242,1/24/2014,18.5,0
1243,1/25/2014,18.8,0
1244,1/26/2014,19.2,0
1245,1/27/2014,18.8,0
1246,1/28/2014,18.4,0
1247,1/29/2014,18.6,0
1248,1/30/2014,18.4,0
1249,1/31/2014,18.5,0
1250,2/1/2014,18.1,0
1251,2/2/2014,18.2,0
1252,2/3/2014,18,0
1253,2/4/2014,18.8,0
1254,2/5/2014,17.8,0
1255,2/6/2014,17.4,0
1256,2/7/2014,17.4,1
1257,2/8/2014,15.8,1
1258,2/9/2014,17,1
1259,2/10/2014,17.8,0
1260,2/11/2014,18.7,1
1261,2/12/2014,18,0
1262,2/13/2014,16.2,0
1263,2/14/2014,18.7,1
1264,2/15/2014,16,1
1265,2/16/2014,15.8,1
1266,2/17/2014,16,1
1267,2/18/2014,17.1,0
1268,2/19/2014,18.4,0
1269,2/20/2014,19,0
1270,2/21/2014,20.1,0
1271,2/22/2014,21.8,0
1272,2/23/2014,21.3,0
1273,2/24/2014,21.3,0
1274,2/25/2014,21.7,0
1275,2/26/2014,21.7,0
1276,2/27/2014,22.1,1
1277,2/28/2014,21.3,1
1278,3/1/2014,22.2,0
1279,3/2/2014,23,0
1280,3/3/2014,23.1,0
1281,3/4/2014,21.8,0
1282,3/5/2014,19.9,0
1283,3/6/2014,20.6,0
1284,3/7/2014,20.5,0
1285,3/8/2014,18.9,0
1286,3/9/2014,22,0
1287,3/10/2014,22.4,0
1288,3/11/2014,22.6,0
1289,3/12/2014,22.2,0
1290,3/13/2014,21.7,0
1291,3/14/2014,22.7,0
1292,3/15/2014,24,0
1293,3/16/2014,24.2,0
1294,3/17/2014,25.1,0
1295,3/18/2014,25.8,0
1296,3/19/2014,20.9,1
1297,3/20/2014,22.8,1
1298,3/21/2014,20.7,0
1299,3/22/2014,20.8,0
1300,3/23/2014,22,0
1301,3/24/2014,23.3,0
1302,3/25/2014,25.9,0
1303,3/26/2014,24.3,0
1304,3/27/2014,24.1,0
1305,3/28/2014,26,0
1306,3/29/2014,22.4,1
1307,3/30/2014,23.3,0
1308,3/31/2014,25,1
1309,4/1/2014,23.6,0
1310,4/2/2014,22.9,0
1311,4/3/2014,22.9,0
1312,4/4/2014,20.2,0
1313,4/5/2014,24.1,0
1314,4/6/2014,26,0
1315,4/7/2014,27.2,0
1316,4/8/2014,23.1,1
1317,4/9/2014,22.2,1
1318,4/10/2014,25.2,1
1319,4/11/2014,25.3,1
1320,4/12/2014,25.9,0
1321,4/13/2014,26.7,0
1322,4/14/2014,28.3,0
1323,4/15/2014,24.3,0
1324,4/16/2014,25.5,0
1325,4/17/2014,22.8,0
1326,4/18/2014,26.7,0
1327,4/19/2014,28.2,0
1328,4/20/2014,29.3,0
1329,4/21/2014,28.6,0
1330,4/22/2014,29.6,0
1331,4/23/2014,28.6,0
1332,4/24/2014,28.4,1
1333,4/25/2014,26.2,0
1334,4/26/2014,27.1,0
1335,4/27/2014,28.1,0
1336,4/28/2014,24.9,1
1337,4/29/2014,27.3,0
1338,4/30/2014,29.4,0
1339,5/1/2014,30,0
1340,5/2/2014,24.1,1
1341,5/3/2014,23,1
1342,5/4/2014,23.1,1
1343,5/5/2014,25.4,0
1344,5/6/2014,25.5,1
1345,5/7/2014,21.2,1
1346,5/8/2014,21.2,1
1347,5/9/2014,21.2,1
1348,5/10/2014,23.3,1
1349,5/11/2014,21.4,1
1350,5/12/2014,23.8,1
1351,5/13/2014,22.2,1
1352,5/14/2014,24.6,1
1353,5/15/2014,24.6,1
1354,5/16/2014,25.8,0
1355,5/17/2014,23.4,1
1356,5/18/2014,26.1,0
1357,5/19/2014,28.5,0
1358,5/20/2014,28.7,0
1359,5/21/2014,24.1,1
1360,5/22/2014,23.5,1
1361,5/23/2014,27.1,0
1362,5/24/2014,29.7,0
1363,5/25/2014,28.8,1
1364,5/26/2014,30.3,0
1365,5/27/2014,27.3,1
1366,5/28/2014,28.1,0
1367,5/29/2014,26.8,0
1368,5/30/2014,29,0
1369,5/31/2014,30.4,0
1370,6/1/2014,31,0
1371,6/2/2014,30.7,0
1372,6/3/2014,28.5,1
1373,6/4/2014,27.9,1
1374,6/5/2014,28.2,1
1375,6/6/2014,28,0
1376,6/7/2014,29.6,0
1377,6/8/2014,28.7,0
1378,6/9/2014,27.9,0
1379,6/10/2014,28.6,1
1380,6/11/2014,29.4,0
1381,6/12/2014,29.4,0
1382,6/13/2014,31.1,0
1383,6/14/2014,29.3,1
1384,6/15/2014,29.8,1
1385,6/16/2014,29.8,0
1386,6/17/2014,31.5,0
1387,6/18/2014,32,1
1388,6/19/2014,28.8,1
1389,6/20/2014,27.9,1
1390,6/21/2014,28.9,1
1391,6/22/2014,27.6,1
1392,6/23/2014,28,1
1393,6/24/2014,27.3,1
1394,6/25/2014,30.3,0
1395,6/26/2014,30.7,1
1396,6/27/2014,28.1,1
1397,6/28/2014,26.5,1
1398,6/29/2014,27.2,1
1399,6/30/2014,28.8,1
1400,7/1/2014,31.2,0
1401,7/2/2014,30.8,0
1402,7/3/2014,27.6,1
1403,7/4/2014,29.7,0
1404,7/5/2014,29.9,1
1405,7/6/2014,29.4,0
1406,7/7/2014,28.4,1
1407,7/8/2014,27.6,1
1408,7/9/2014,30.2,0
1409,7/10/2014,30.4,0
1410,7/11/2014,32.3,0
1411,7/12/2014,30.3,0
1412,7/13/2014,NA,0
1413,7/14/2014,28.9,1
1414,7/15/2014,26.9,1
1415,7/16/2014,28.9,1
1416,7/17/2014,28.9,0
1417,7/18/2014,29.2,1
1418,7/19/2014,29.1,0
1419,7/20/2014,31.4,0
1420,7/21/2014,29.5,1
1421,7/22/2014,27.4,1
1422,7/23/2014,29.3,1
1423,7/24/2014,30.3,0
1424,7/25/2014,31.7,0
1425,7/26/2014,30.8,0
1426,7/27/2014,32.2,1
1427,7/28/2014,28.7,1
1428,7/29/2014,30.3,0
1429,7/30/2014,30.2,0
1430,7/31/2014,31,1
1431,8/1/2014,30.5,0
1432,8/2/2014,30.6,0
1433,8/3/2014,29,1
1434,8/4/2014,30.5,1
1435,8/5/2014,28.2,1
1436,8/6/2014,28.9,0
1437,8/7/2014,30.2,0
1438,8/8/2014,30.6,1
1439,8/9/2014,29.8,0
1440,8/10/2014,28.5,1
1441,8/11/2014,27.7,1
1442,8/12/2014,26,1
1443,8/13/2014,25.7,1
1444,8/14/2014,24.1,1
1445,8/15/2014,24.3,1
1446,8/16/2014,26.8,1
1447,8/17/2014,28.7,0
1448,8/18/2014,28.6,0
1449,8/19/2014,28,1
1450,8/20/2014,29.4,0
1451,8/21/2014,27.1,1
1452,8/22/2014,25.7,1
1453,8/23/2014,23.9,1
1454,8/24/2014,23.1,1
1455,8/25/2014,23.7,1
1456,8/26/2014,25.7,0
1457,8/27/2014,27.7,0
1458,8/28/2014,29.3,0
1459,8/29/2014,30.7,0
1460,8/30/2014,29.5,0
1461,8/31/2014,31,0
1462,9/1/2014,31.2,0
1463,9/2/2014,29.2,1
1464,9/3/2014,30.9,0
1465,9/4/2014,31.2,0
1466,9/5/2014,30.2,0
1467,9/6/2014,30.1,0
1468,9/7/2014,26,1
1469,9/8/2014,29.5,0
1470,9/9/2014,27.2,1
1471,9/10/2014,27.2,1
1472,9/11/2014,28.1,1
1473,9/12/2014,25.6,1
1474,9/13/2014,27,1
1475,9/14/2014,29.1,0
1476,9/15/2014,29.2,1
1477,9/16/2014,28.9,1
1478,9/17/2014,30.6,0
1479,9/18/2014,29.9,0
1480,9/19/2014,27.2,1
1481,9/20/2014,25.8,1
1482,9/21/2014,26.3,1
1483,9/22/2014,25.4,1
1484,9/23/2014,23.6,1
1485,9/24/2014,26.2,0
1486,9/25/2014,27.7,1
1487,9/26/2014,25.3,1
1488,9/27/2014,26.5,0
1489,9/28/2014,25.6,1
1490,9/29/2014,27.7,0
1491,9/30/2014,28.7,0
1492,10/1/2014,28.8,0
1493,10/2/2014,28.7,0
1494,10/3/2014,28.4,0
1495,10/4/2014,27.9,0
1496,10/5/2014,28.6,0
1497,10/6/2014,29.6,0
1498,10/7/2014,29.5,0
1499,10/8/2014,29.7,0
1500,10/9/2014,29.4,0
1501,10/10/2014,28.8,0
1502,10/11/2014,28.1,0
1503,10/12/2014,28.4,0
1504,10/13/2014,29.4,0
1505,10/14/2014,30,0
1506,10/15/2014,26.7,1
1507,10/16/2014,27,1
1508,10/17/2014,27.3,0
1509,10/18/2014,27.4,0
1510,10/19/2014,25.8,0
1511,10/20/2014,25.7,0
1512,10/21/2014,26.2,0
1513,10/22/2014,25.6,0
1514,10/23/2014,25.9,0
1515,10/24/2014,25.7,0
1516,10/25/2014,25.1,0
1517,10/26/2014,23.6,0
1518,10/27/2014,23.5,0
1519,10/28/2014,24.1,0
1520,10/29/2014,24.5,0
1521,10/30/2014,24.6,0
1522,10/31/2014,24.2,0
1523,11/1/2014,24.4,0
1524,11/2/2014,24.9,0
1525,11/3/2014,26,0
1526,11/4/2014,24.8,1
1527,11/5/2014,24.7,0
1528,11/6/2014,24.6,0
1529,11/7/2014,24.1,0
1530,11/8/2014,24,0
1531,11/9/2014,23.7,0
1532,11/10/2014,24.2,0
1533,11/11/2014,25.6,0
1534,11/12/2014,22.8,1
1535,11/13/2014,22.4,1
1536,11/14/2014,22.5,0
1537,11/15/2014,23.5,0
1538,11/16/2014,23.2,0
1539,11/17/2014,23.9,0
1540,11/18/2014,23.3,0
1541,11/19/2014,22.8,0
1542,11/20/2014,23,0
1543,11/21/2014,24.7,0
1544,11/22/2014,21,0
1545,11/23/2014,19.4,1
1546,11/24/2014,19.5,0
1547,11/25/2014,19.8,0
1548,11/26/2014,19.4,0
1549,11/27/2014,20.6,0
1550,11/28/2014,18,0
1551,11/29/2014,18.5,0
1552,11/30/2014,19.2,0
1553,12/1/2014,19.7,0
1554,12/2/2014,20.8,0
1555,12/3/2014,21.6,0
1556,12/4/2014,23.3,1
1557,12/5/2014,21.2,0
1558,12/6/2014,21.3,0
1559,12/7/2014,21.9,0
1560,12/8/2014,22.2,0
1561,12/9/2014,21.8,0
1562,12/10/2014,20.2,0
1563,12/11/2014,19.6,0
1564,12/12/2014,20.9,1
1565,12/13/2014,18.3,0
1566,12/14/2014,18.7,0
1567,12/15/2014,18,0
1568,12/16/2014,19,0
1569,12/17/2014,17.6,0
1570,12/18/2014,18.4,0
1571,12/19/2014,17.5,0
1572,12/20/2014,16.7,0
1573,12/21/2014,16.7,0
1574,12/22/2014,16.4,0
1575,12/23/2014,17.7,0
1576,12/24/2014,17.6,0
1577,12/25/2014,17.7,0
1578,12/26/2014,17.3,0
1579,12/27/2014,17.5,0
1580,12/28/2014,17.8,0
1581,12/29/2014,17.3,0
1582,12/30/2014,18.4,0
1583,12/31/2014,NA,0
1584,1/1/2015,18.5,0
1585,1/2/2015,19.2,0
1586,1/3/2015,19.3,0
1587,1/4/2015,18.7,1
1588,1/5/2015,17.8,0
1589,1/6/2015,17.6,0
1590,1/7/2015,18.2,0
1591,1/8/2015,18.7,0
1592,1/9/2015,18.7,0
1593,1/10/2015,18.2,0
1594,1/11/2015,17.8,0
1595,1/12/2015,17.6,0
1596,1/13/2015,17.1,0
1597,1/14/2015,18,0
1598,1/15/2015,18.2,0
1599,1/16/2015,18.4,0
1600,1/17/2015,18.9,0
1601,1/18/2015,17.8,0
1602,1/19/2015,18.1,0
1603,1/20/2015,18.2,0
1604,1/21/2015,18.1,0
1605,1/22/2015,18.1,0
1606,1/23/2015,18.9,0
1607,1/24/2015,18.9,1
1608,1/25/2015,18.7,0
1609,1/26/2015,18.6,0
1610,1/27/2015,18.8,0
1611,1/28/2015,19.9,0
1612,1/29/2015,20.5,1
1613,1/30/2015,18.8,0
1614,1/31/2015,17.6,0
1615,2/1/2015,17.4,0
1616,2/2/2015,18.2,0
1617,2/3/2015,18.7,0
1618,2/4/2015,20,0
1619,2/5/2015,19.7,0
1620,2/6/2015,19.5,0
1621,2/7/2015,19.3,0
1622,2/8/2015,19,0
1623,2/9/2015,19.9,0
1624,2/10/2015,19.4,0
1625,2/11/2015,19.3,0
1626,2/12/2015,19.8,0
1627,2/13/2015,15.5,1
1628,2/14/2015,17.2,0
1629,2/15/2015,18.6,0
1630,2/16/2015,19.2,0
1631,2/17/2015,19.6,0
1632,2/18/2015,21.2,0
1633,2/19/2015,17.3,1
1634,2/20/2015,20.2,0
1635,2/21/2015,21.8,0
1636,2/22/2015,21.3,0
1637,2/23/2015,21.7,0
1638,2/24/2015,23.9,0
1639,2/25/2015,23.3,1
1640,2/26/2015,19.4,1
1641,2/27/2015,21.4,1
1642,2/28/2015,21.7,0
1643,3/1/2015,23.8,0
1644,3/2/2015,23.7,1
1645,3/3/2015,21.4,1
1646,3/4/2015,20.3,0
1647,3/5/2015,20,1
1648,3/6/2015,20.1,0
1649,3/7/2015,20.7,0
1650,3/8/2015,21.6,0
1651,3/9/2015,21.9,0
1652,3/10/2015,23.6,0
1653,3/11/2015,24.1,0
1654,3/12/2015,23.9,0
1655,3/13/2015,24,0
1656,3/14/2015,23.5,0
1657,3/15/2015,21.6,0
1658,3/16/2015,21.9,1
1659,3/17/2015,24.1,0
1660,3/18/2015,23.4,1
1661,3/19/2015,23.2,1
1662,3/20/2015,22.8,0
1663,3/21/2015,23.7,0
1664,3/22/2015,24.6,0
1665,3/23/2015,26.2,0
1666,3/24/2015,22.1,1
1667,3/25/2015,24.4,0
1668,3/26/2015,25.7,0
1669,3/27/2015,22.4,1
1670,3/28/2015,19.8,1
1671,3/29/2015,25,0
1672,3/30/2015,26.9,0
1673,3/31/2015,20.5,1
1674,4/1/2015,19.6,1
1675,4/2/2015,18.6,1
1676,4/3/2015,23.1,0
1677,4/4/2015,20.9,1
1678,4/5/2015,22,1
1679,4/6/2015,21.2,1
1680,4/7/2015,22.1,0
1681,4/8/2015,21.2,1
1682,4/9/2015,21.4,1
1683,4/10/2015,20.4,1
1684,4/11/2015,20.2,1
1685,4/12/2015,24.7,0
1686,4/13/2015,25.4,0
1687,4/14/2015,27.3,0
1688,4/15/2015,28.1,0
1689,4/16/2015,29,0
1690,4/17/2015,23.5,1
1691,4/18/2015,20.7,1
1692,4/19/2015,20.2,1
1693,4/20/2015,24.6,0
1694,4/21/2015,23.1,1
1695,4/22/2015,21.2,1
1696,4/23/2015,20.2,1
1697,4/24/2015,21.1,1
1698,4/25/2015,24.5,0
1699,4/26/2015,23.7,0
1700,4/27/2015,25.1,0
1701,4/28/2015,26.2,0
1702,4/29/2015,24.2,1
1703,4/30/2015,25,0
1704,5/1/2015,26.5,0
1705,5/2/2015,26.9,1
1706,5/3/2015,24.9,1
1707,5/4/2015,23.5,1
1708,5/5/2015,24,1
1709,5/6/2015,27,0
1710,5/7/2015,25.3,0
1711,5/8/2015,25.8,1
1712,5/9/2015,27.3,0
1713,5/10/2015,29.1,0
1714,5/11/2015,29.1,0
1715,5/12/2015,25.8,1
1716,5/13/2015,26.8,1
1717,5/14/2015,25.4,1
1718,5/15/2015,24.2,1
1719,5/16/2015,23.8,1
1720,5/17/2015,24.1,1
1721,5/18/2015,27.2,0
1722,5/19/2015,28.8,0
1723,5/20/2015,30.9,0
1724,5/21/2015,28.1,1
1725,5/22/2015,25.8,1
1726,5/23/2015,22.8,1
1727,5/24/2015,24.5,1
1728,5/25/2015,24.1,1
1729,5/26/2015,25,1
1730,5/27/2015,23.2,1
1731,5/28/2015,22.8,1
1732,5/29/2015,24.5,1
1733,5/30/2015,28.1,0
1734,5/31/2015,24.8,1
1735,6/1/2015,25.3,1
1736,6/2/2015,24.5,1
1737,6/3/2015,26.8,0
1738,6/4/2015,28.2,0
1739,6/5/2015,25.2,1
1740,6/6/2015,25.2,1
1741,6/7/2015,23.1,1
1742,6/8/2015,22.5,1
1743,6/9/2015,22.2,1
1744,6/10/2015,23.6,1
1745,6/11/2015,27.3,1
1746,6/12/2015,26.1,1
1747,6/13/2015,25,1
1748,6/14/2015,25.9,1
1749,6/15/2015,27.3,1
1750,6/16/2015,27,1
1751,6/17/2015,26.8,1
1752,6/18/2015,28.9,1
1753,6/19/2015,28.8,1
1754,6/20/2015,30.5,0
1755,6/21/2015,29.6,1
1756,6/22/2015,28.4,1
1757,6/23/2015,29.8,1
1758,6/24/2015,30.6,0
1759,6/25/2015,32.5,0
1760,6/26/2015,33.9,0
1761,6/27/2015,31.2,1
1762,6/28/2015,30.1,0
1763,6/29/2015,27.6,1
1764,6/30/2015,27.6,1
1765,7/1/2015,27.4,1
1766,7/2/2015,28.2,1
1767,7/3/2015,29.3,1
1768,7/4/2015,26.4,1
1769,7/5/2015,28.2,0
1770,7/6/2015,30.9,0
1771,7/7/2015,32.2,0
1772,7/8/2015,31.6,0
1773,7/9/2015,30.8,0
1774,7/10/2015,28.7,1
1775,7/11/2015,31.2,0
1776,7/12/2015,28.2,1
1777,7/13/2015,28.8,1
1778,7/14/2015,27.2,1
1779,7/15/2015,27.2,1
1780,7/16/2015,29.2,1
1781,7/17/2015,30.6,0
1782,7/18/2015,30.8,0
1783,7/19/2015,30.6,0
1784,7/20/2015,29.7,1
1785,7/21/2015,26.2,1
1786,7/22/2015,28.9,1
1787,7/23/2015,25.9,1
1788,7/24/2015,25.6,1
1789,7/25/2015,28.9,0
1790,7/26/2015,31.6,0
1791,7/27/2015,31.3,0
1792,7/28/2015,31.6,0
1793,7/29/2015,31.9,0
1794,7/30/2015,31.3,0
1795,7/31/2015,29.5,1
1796,8/1/2015,29.7,1
1797,8/2/2015,31.4,0
1798,8/3/2015,28.7,1
1799,8/4/2015,26.6,1
1800,8/5/2015,24.8,1
1801,8/6/2015,27.5,1
1802,8/7/2015,27.7,1
1803,8/8/2015,30.3,0
1804,8/9/2015,30.6,0
1805,8/10/2015,31.5,0
1806,8/11/2015,30.8,1
1807,8/12/2015,29.4,1
1808,8/13/2015,29,1
1809,8/14/2015,28.2,1
1810,8/15/2015,27.3,1
1811,8/16/2015,28.1,1
1812,8/17/2015,27.9,1
1813,8/18/2015,27.3,1
1814,8/19/2015,26.3,1
1815,8/20/2015,23.9,1
1816,8/21/2015,26.1,1
1817,8/22/2015,28.7,1
1818,8/23/2015,26.9,1
1819,8/24/2015,27.8,1
1820,8/25/2015,28.3,1
1821,8/26/2015,29.7,1
1822,8/27/2015,27,1
1823,8/28/2015,26.4,1
1824,8/29/2015,24.3,1
1825,8/30/2015,24.3,1
1826,8/31/2015,25.8,1
1827,9/1/2015,25.6,1
1828,9/2/2015,26.8,1
1829,9/3/2015,27.5,1
1830,9/4/2015,28.6,0
1831,9/5/2015,27.2,1
1832,9/6/2015,28.6,1
1833,9/7/2015,27.7,0
1834,9/8/2015,28.5,1
1835,9/9/2015,30.1,0
1836,9/10/2015,30.4,1
1837,9/11/2015,27.8,1
1838,9/12/2015,27.9,1
1839,9/13/2015,29.7,0
1840,9/14/2015,28.2,1
1841,9/15/2015,29.6,1
1842,9/16/2015,28.9,0
1843,9/17/2015,30.4,0
1844,9/18/2015,31.3,0
1845,9/19/2015,30.1,1
1846,9/20/2015,26.2,1
1847,9/21/2015,26.9,1
1848,9/22/2015,25.9,1
1849,9/23/2015,26.1,1
1850,9/24/2015,26.8,1
1851,9/25/2015,26.6,1
1852,9/26/2015,28,1
1853,9/27/2015,28.6,0
1854,9/28/2015,29.1,0
1855,9/29/2015,29.5,0
1856,9/30/2015,28.8,0
1857,10/1/2015,29.6,0
1858,10/2/2015,29.7,0
1859,10/3/2015,27.4,1
1860,10/4/2015,29.5,0
1861,10/5/2015,28.3,0
1862,10/6/2015,28.8,0
1863,10/7/2015,29.8,0
1864,10/8/2015,26.7,1
1865,10/9/2015,27,0
1866,10/10/2015,22.8,1
1867,10/11/2015,25.8,0
1868,10/12/2015,26.8,0
1869,10/13/2015,27.1,0
1870,10/14/2015,26.4,0
1871,10/15/2015,23.4,1
1872,10/16/2015,26.1,0
1873,10/17/2015,27.5,0
1874,10/18/2015,26.7,0
1875,10/19/2015,27.2,0
1876,10/20/2015,27,0
1877,10/21/2015,26.7,1
1878,10/22/2015,26.3,0
1879,10/23/2015,25.4,0
1880,10/24/2015,23.4,1
1881,10/25/2015,24.6,0
1882,10/26/2015,24.9,0
1883,10/27/2015,24.9,0
1884,10/28/2015,24.9,0
1885,10/29/2015,24.3,0
1886,10/30/2015,24.3,0
1887,10/31/2015,23.4,0
1888,11/1/2015,23,0
1889,11/2/2015,23.8,0
1890,11/3/2015,25.2,0
1891,11/4/2015,20.3,1
1892,11/5/2015,20.7,0
1893,11/6/2015,21.3,0
1894,11/7/2015,22.1,0
1895,11/8/2015,21.7,0
1896,11/9/2015,22,0
1897,11/10/2015,21.7,0
1898,11/11/2015,21.6,0
1899,11/12/2015,21.1,0
1900,11/13/2015,21.6,0
1901,11/14/2015,20.3,0
1902,11/15/2015,22.7,0
1903,11/16/2015,22.6,1
1904,11/17/2015,21.5,1
1905,11/18/2015,20.3,0
1906,11/19/2015,20.8,0
1907,11/20/2015,21.1,0
1908,11/21/2015,21.2,0
1909,11/22/2015,21,0
1910,11/23/2015,20.8,0
1911,11/24/2015,20.2,0
1912,11/25/2015,20.1,0
1913,11/26/2015,20.3,0
1914,11/27/2015,21.2,0
1915,11/28/2015,21.6,0
1916,11/29/2015,20.8,0
1917,11/30/2015,20.7,0
1918,12/1/2015,20.7,0
1919,12/2/2015,21.4,0
1920,12/3/2015,19.8,1
1921,12/4/2015,18.3,1
1922,12/5/2015,19.2,0
1923,12/6/2015,18.6,0
1924,12/7/2015,19.4,0
1925,12/8/2015,21.2,0
1926,12/9/2015,21.2,0
1927,12/10/2015,20.7,0
1928,12/11/2015,19.6,1
1929,12/12/2015,17.6,1
1930,12/13/2015,19.2,0
1931,12/14/2015,18.7,1
1932,12/15/2015,17.9,1
1933,12/16/2015,16.6,0
1934,12/17/2015,17.8,0
1935,12/18/2015,17.6,0
1936,12/19/2015,16.7,1
1937,12/20/2015,17.7,0
1938,12/21/2015,18.9,0
1939,12/22/2015,17.1,0
1940,12/23/2015,17.8,0
1941,12/24/2015,18.1,0
1942,12/25/2015,18.8,0
1943,12/26/2015,17.9,0
1944,12/27/2015,18.2,0
1945,12/28/2015,19.2,0
1946,12/29/2015,19.6,0
1947,12/30/2015,20.7,0
1948,12/31/2015,NA,0
